dialogue,reference,prediction
"Claire: <file_photo>
Kim: Looks delicious...
Linda: No way... Look what I'm cooking right now:
Linda: <file_photo>
Claire: hahahaha 
Kim: Curry dream team
Claire: Enjoy your dinner :*",Both Claire and Linda are making curry for dinner. ,Kim is cooking a Curry dream team dinner.
"Alyssa: Have you seen Fergie’s national anthem? Illuminati does a great job.
Derek: This is not normal. I saw it last week…
Alyssa: What do you think about it?
Derek: I can fart bright stripes and bright stars better then she sings.
Alyssa: The best part is that she acts like she nailed it. But at least it's funny in a good way.
Derek: It is 😂",Derek and Alyssa make fun of Fergie's performance of the national anthem.,Fergie sings the national anthem. Derek thinks it's funny.
"Ann: Hi, is the laptop still available?
Josh: Yes it is
Ann: I can pay 200 dollars
Josh: The price is 250 and it's non-negotiable
Ann: Do you have a bag for it? Some other accessories?
Josh: I have a bag and a small usb mouse
Ann: Sounds good, I'll take it, where can I pick it up?",Ann wants to buy Josh's laptop for $200. Josh doesn't want to negotiate the price. Ann will take it for $250 with accessories. ,Josh will pick up Ann's laptop for 200 dollars.
"Matt: have you heard that Bon Jovi are coming to Poland?
Phil: No way!
Phil: where, when?
Matt: Warsaw, next July
Tony: would you like to go?
Matt: Sure!
Phil: how much are the tickets? Very expensive?
Phil: they're huge, I guess tix can cost a bomb
Matt: I read the cheapest ones start from pln 250
Phil: not too bad, for Bon Jovi
Matt: Yep!
Tony: maybe I will go too
Tony: Would you like to get the tix soon?
Matt: Yes
Matt: The sooner, the better
Tony: Right, they may be sold out pretty soon
Matt: How about you, Phil?
Matt: would you like to go too?
Phil: Will think about it
Phil: I liked them a lot when I was a kid
Phil: It would be great to see them live
Matt: I guess so!
Matt: Think about it and let me know soon, ok?
Phil: Sure",Matt and Tony want to go to the concert of Bon Jovi next July in Poland and are planning to buy the tickets that cost 250 PLN before they’re sold out. Phil will think about it and let them know.,"Bon Jovi are coming to Warsaw, next July. The tickets start from pln 250. They will be sold out soon."
"Anastasia: Our new school photos
Anastasia: <file_photo>
Anastasia: Look how happy I am
Darrell: You don't look unhappy to me but it's like you're, uh
Darrell: What was the word
Darrell: Sceptical of something
Darrell: ""what am I doing here""
Anastasia: Ahahaha
Anastasia: That's my mood everywhere I step in
Darrell: Hahaha
Anastasia: Well
Anastasia: They took the photo in less than a minute actually
Darrell: Oh wow... well, I guess there were a lot of people?
Anastasia: Yeah
Anastasia: School photos always suck
Anastasia: They take them so fast and carelessly
Darrell: They would only really take group photos of us in middle and high school
Darrell: If someone wanted a portrait photo, I guess it was possible
Darrell: But not obligatory
Anastasia: Well, I needed a new one for my school ID
Anastasia: So I had no choice here
Darrell: Luckily no one really has to look at your school ID most of the time, haha
Darrell: Don't worry about it
Anastasia: Ah no, I'm not worried, I actually find it kind of funny, it's fine",Anastasia sent her new school photos to Darrell.,Anastasia sent Darrell her new school photos. They took them in less than a minute.
"Mike: who is going for the research trip?
Jake: Me, Florence, Margot and others
Jake: but that's not important
Florence: hahah
Margot: true, we have our nice bunch of people
Mike: so maybe I'll apply too
Jake: but remember it can be harsh in Swazi now
Mike: gosh, Jake, have you realised at least that it's not even Swazi anymore?
Florence: hahaha, quite hilarious
Jake: ?
Margot: they changed the name of the country last year
Jake: what? so what's the name now?
Margot: Eswatini
Jake: are you kidding me?
Margot: Jake, it's basic knowledge before the trip LOL","Jake, Florence, Margot and others are going on a research trip to Swazi. The name of the country was changed last year and it's now Eswatini.","Jake, Florence, Margot and others are going for the research trip."
"Nathalie: have you thought about the holiday?
Pauline: me & tony are into greece really
Jacob: anywhere warm and sunny. greece cool
Anthony: greece is warm sunny and cheapish
Nathalie: i guess cob we ok w that
Jacob: sure thing
Pauline: so august as we said?
Jacob: thats the thing. we need to be back by aug 10
Anthony: what?? why??
Nathalie: sis wedding
Pauline: your lil sis getting married?!? lol
Jacob: she's not little. seen her tony?
Anthony: worth a look?
Nathalie: shut up assholes. shes my sister for fucks sake
Pauline: idiots
Jacob: come one just kidding. we love you
Anthony: we have no choice XD","Nathalie, Pauline, Jacob and Anthony are thinking about spending holidays in Greece together in August. Jacob and Nathalie need to be back by August 10 because of Nathalie's younger sister's wedding. ","Nathalie, Anthony and Jacob are going to Greece for the holiday. They need to be back by August 10."
"Kim: Hey, listen, have you got any idea where I can get some fresh ramal fish in Warsaw?
Margot: Hi, I don't know about ""fresh"", but you could try the marketplace at Polna street. 
Margot: Other than that, I haven't got a clue...
Kim: Already tried Polna :(
Margot: Ah!
Margot: Hm...
Margot: And did you check Internet for fish market in Warsaw?
Kim: Yeah, there's none.
Kim: Or I didn't find it. 
Margot: You could have a look at restaurants' menus. And if you find it there, you could ask about their source. 
Margot: Although I'm not sure they'd eager to give you such infromation. But you can always try..
Kim: Great idea, I haven't though about this! Thx!
Kim: I'll try. After all, I have nothing to loose. 
Margot: Btw, is there a special occasion you want to cook it for?
Kim: Yes! Acctually I'll grill it ;)
Kim: And it's a surprise, so I'm not giving away any details!
Margot: I'm so curious!
Margot: I understant it's sth good, so I'm happy for you girl :)
Kim: Indeed, it's good. But you won't get any more infromation from me now.
Kim: All in good time :)
Margot: Cruel you! Find that fish!!! ;)
Kim: :D",Kim needs to get some fresh fish in Warsaw. Kim will ask at restaurants about their source. Kim is planning something special but won't share any details with Margot for now.,Kim will buy ramal fish at Polna street.
"Malik: have you heard of that paleo diet?
Malik: i need to lose some weight and i really want to try it
Samantha: i've heard of it but i've also heard about the keto diet
Samantha: AAAAANNNDDDD... i also need to lose weight lol
Malik: what are you talking about?!? lol
Malik: you're so skinny
Samantha: whatever :-)
Malik: should we try one of those together?
Malik: it's always easier when someone's doing it with you
Samantha: YES!!!!
Malik: we can also go for runs together like we used to :-D
Samantha: let's do it!! i'm so pumped!
Malik: so paleo or keto?
Samantha: what's the difference?
Malik: i think they're practically the same, but you can't have dairy on paleo
Samantha: can you have dairy on keto?
Malik: i think you can, i'm no sure though
Samantha: ok let me go online and read more about this
Samantha: and i'll text you back later with more info
Malik: ok
Malik: are you excited??
Samantha: i really am!!!!!!!!! :-D","Malik and Samanta want to lose weight. They will try to keep a diet, keto or paleo, and go for runs together.",Malik wants to try the paleo diet with Samantha.
"Suzy: don't forget to follow me on Instagram :P
Linda: do I need to? :P
Suzy: come on, nice pictures ;)
Linda: done
Suzy: :)
Linda: you're welcome ;)",Suzy urges Linda to follow her on Instagram and she obliges.,Suzy will follow Linda on Instagram.
"Jones: Hey.
Angelina: Hey.
Angelina: Long time. How are you doing?
Jones: I'm fine
Jones: You?
Angelina: I'm cool too.
Jones: You think we can meet today later in the afternoon in town?
Angelina: Definitely.
Jones: Okay. I will call you to confirm where we will meet.
Angelina: Cool",Jones and Angelina will meet in town in the afternoon.,Angelina and Jones will meet later in the afternoon in town.
"Erin: hey Zach
Erin: look at this babe, I've just baked it
Erin: <file_photo>
Zachary: looks delicious!
Zachary: pls bring me a piece of this later on
Zachary: I'm pretty busy right now
Erin: oh what are you doing then?
Zachary: I decided to clean the flat, can you imagine?
Erin: hardly, I need hard evidence
Zachary: here it goes
Zachary: <file_photo>",Erin has just baked something that Zachary finds delicious. Zachary wants her to bring him a piece of it as now he's busy cleaning. ,Erin baked a cake. Zachary will bring her a piece of it later.
"Piper: When is the payment expected?
Bryan: I have asked my manager to send the payment
Piper: When would he send it to me?
Bryan: He will send you tonight
Piper: I would be waiting
Bryan: Sure, Client liked your work
Piper: Hope to work with you long term ",Piper will get paid tonight. Client liked Piper's work and wants to work with her on a long-term basis.,Bryan will send the payment to Piper tonight.
"Ulysses: Did you see your grades?
Peter: Yes. 
Ulysses: I got an A
Peter: Me too
Julia: B
Martha: Where can I check them?
Julia: Online
Julia: On the course page","Ulysses and Peter got an A, Julia got a B. The grades are to be checked on the course page.",Ulysses got an A. Peter got an B. Martha can check their grades online.
"Cora: Have you heard how much fuss British media made about meet and greet with James Charles in Birmingham?
Ellie: no...! what happened?
Cora: Well, there was a meet and greet with James Charles in one of the malls in Birmingham and about 8000 fans showed up for it.
Cora: It cause a gridlock around the mall and - of course - British media had to make some (quite negative) comments on it.
Ellie: they came for sister James?! >:(
Ellie: i sister snapped!! :p :D
Cora: Haha :D
Cora: You shouldn't watch so much youtube, you're getting weirder and weirder. :d
Ellie: sister shut up :P so, what did they say?
Cora: ;) :* ""Daily Mail"" was surprised that a meet and greet with a ""virtually unknown"" youtuber gathered 8000 people. :p
Cora: A host from LBC tried to find an answer to an unanswerable question: ""Who is James Charles?"". Eventually James called him and introduced himself. On air. :D
Ellie: there's something called google lol
Cora: Right? :p
Cora: Some hosts from ITV Central couldn't wrap their heads around the fact that a guy can wear makeup.
Ellie: really???
Ellie: smh it's 21st century, they should have noticed already...  there are so many amazing male makeup artists
Cora: I agree! There are still plenty of dinosaurs in the media. :/",There was a meet-and-greet with James Charles in Birmingham which gathered 8000  people.,There was a meet and greet with James Charles in one of the malls in Birmingham. About 8000 people showed up for it.
"Adam: My friend told me he saw Tim with a guy.
Nate: And?
Adam: <file_photo>
Nate: omg
Julia: Yeah, what a shocker
Adam: ??? You knew?!
Julia: I thought everyone knew
Nate: I had no idea
Nate: Did he tell you anything?
Julia: That he’s gay? God no
Adam: Why didn’t you tell us?
Julia: First: I assumed you knew
Julia: Second: Why would I? it’s not my business
Nate: I think he should’ve told us ;/ not cool
Adam: yeah, I made a completely idiot out of myself defending him
Julia: Against whom? I’m not surprised he didn’t tell you
Nate: Well, it’s not fair, we’re his friends
Julia: And? Does it change anything?","Julia knew Tim was gay, while Adam and Nate didn't. ",Adam saw Tim with a guy.
"Lily: I need to rent a pop corn machine
Daniel: :D
Lily: for our office Christmas party
Daniel: very Christmasy
Lily: We will screen Love Actually :P
Daniel: oh I get it now
Lily: Do you know someone who rents them?
Daniel: I'll check!",Daniel will find out who rents a pop corn machines on Lily's request.,Lily needs to rent a pop corn machine for her office Christmas party. Daniel will check if he knows someone who rents them.
"Phil: Hi. Are you home?
Nancy: Yes. Where are you?
Phil: Still in the shop. 
Nancy: What are you doing there? 
Phil: There are such crowds. Everywhere.
Nancy: Really?
Phil: First, I couldn't find any parking place. Now I'm standing in a gigantic queue.
Nancy: Have you got everything?
Phil: I think so.
Nancy: Oh, I'm sorry. I know you hate it before X-mas.
Phil: Will you make an apple pie? Please? I was passing by a cafe and thought of that immediately. My mouth is watering when I think of that smell.
Nancy: Sure, honey. Of course I will.
Phil: Wonderful! I think I'll be home in an hour.
Nancy: Ok. Waiting for you :-) I've got everything I need for the pie, so it will be in the oven when you arrive :-)
Phil: Thanks, babe! :-*
Nancy: :-*",It took Phil a very long time to do the Christmas shopping but he probably managed to get everything. He will be home in an hour. Phil's apple pie will be in the oven when he arrives.,Phil is waiting for Nancy at the shop. She has everything she needs for the pie.
"Gemma: How's it going?
Timmy: A bit down 2day.
Gemma: Y?
Timmy: Oh, bad day at work. Can u imagine? Boss snapped at me!
Gemma: That bitch! What did u do?
Timmy: Nothing. Minding my own business, doing work stuff and suddenly starts shouting and screaming. Doesn't matter. How about u?
Gemma: Well, I think this might cheer u up a bit :)
Timmy: What is it?
Gemma: I'm organising a bbq at the weekend :) wanna come?
Timmy: Love to! What do I bring?
Gemma: Some wine will be fine.
Timmy: What about food?
Gemma: Others and I will cover it.
Timmy: Others? I thought it was a date :P
Gemma: U remember I have a bf, right?
Timmy: Yeah. Just messing around ;) how many ppl?
Gemma: Don't know yet. ",Timmy had a bad day at work. Timmy will bring some wine to Gemma's bbq at the weekend.,Timmy had a bad day at work. Gemma is organising a bbq at the weekend. Timmy will bring some wine and food.
"Shaldona: WE ARE GONNA GET MARRIED ❤️❤️
Shaldona: <file_others>
Shaldona: This is our mobile inviation for our wedding.
Shaldona: Invitation*
Piper: Hey. You haven’t sent me any messages for a few years.
Piper: And now you are sending me your wedding invitation 
Piper: THROUGH MESSENGER?
Shaldona: .....
Shaldona: Well..
Shaldona: I had no enough time to meet everybody and give this in person.
Shaldona: Hope you understand.
Piper: If you don't have time to give the invitation card in person but expect people go to your wedding
Piper: Shaldona, if so, you are too greedy.","Shaldona sends mobile invitations to her wedding, as she has no time to give them in person.",Shaldona is getting married. Piper sent Shaldona her mobile inviation for their wedding.
"Perry: have you thought about holiday yet?
Marlow: Asia?
Perry: you mean in July or August?
Marlow: w/janet we thought about September it's cheaper i guess
Janet: yeah but we need to check the weather and everything
Forster: Cloete wanted to go to the mountains so i guess that's my plan
Perry: frankly we have no idea. went to seaside last year
Marlow: Asia could be the place 2go. Janet would be cool yeah?
Janet: sure thing. Would be gr8 2go 2gether
Perry: dunno if we can afford. Need to talk to Nina
Janet: why not meet 2nite over beer and talk?
Perry: super but not 2day no. cinema :):)
Janet: oh I forgot you won the tickets right?
Perry: yeah but we could meet 2moro evening if ur free
Janet: do we have plans Marlow? 
Marlow: no i dont think so
Forster: could we come over too
Perry: yeah fantastic. byob tho
Forster: sure thing 8 pm is fine?
Perry: perfect for me
Janet: gr8 for us. we can visit pa first
Marlow: fine by me. let's do it guys!","Perry, Marlow, Janet and Forster discuss their holiday plans. Marlow would like to go to Asia, others will think if they can join. The friends will meet tomorrow at 8 pm to discuss that. ",Perry and Janet are thinking about holiday in Asia in July or August. Janet and Forster are planning to go to the mountains.
"Joyce: Honey, can I take the car?
Kyle: No, I'm sorry.
Joyce: Why not? How am I supposed to go get Harry?
Kyle: I've got to go to a mechanic. The car is making a weird noise.
Joyce: Then can you get Harry on your way?
Kyle: I don't know, I'm already running late.
Joyce: Am I supposed to go get him by bus? That's ridiculous.
Kyle: Fine, I'll get him.
Joyce: Thank you.",Joyce wants to take Kyle's car to get Harry. Kyle is taking the car to a mechanic. Joyce refuses to get Harry by bus. Kyle agrees to pick Harry up. ,Kyle can't take the car because he has to go to a mechanic.
"Tim: I'm running late
Gary: when will you be here?
Tim: About twenty past. You go in and just make some small talk, try and delay the main presentation
Gary: I'm on it.",Tim is running late and will arrive around twenty past. He asked Gary to do some small talk and try to delay the main presentation.,Tim is running late. Gary will be there about twenty past.
"Ella: so? 
Molly: ?
Ella: come on! pics or it didn't happen
Molly: what are you going on about?
Ella: I heard you met up with Chuck
Molly: no... when was this suppossed to happen?
Ella: friday
Molly: Holly fuck that little shit made a story up
Ella: ?
Molly: I told him no and the little fucker made up a story
Molly: Im gonna kill him ","Chuck told Ella that he'd met up with Molly. He made up the story, as actually Molly refused to go out with him. ",Ella and Molly met up with Chuck on Friday.
"Taylor: Tomorrow, 8 PM, my house
Harry: Lol, what’s up?
Taylor: My parents are away, 10 people confirmed already :D
Harry: Im sooo in
Taylor: You better, you’d miss the party of the year!",Harry will go to Taylors party tomorrow at 8pm. ,Taylor's parents are away tomorrow at 8 PM. Harry will miss the party of the year.
"Christie: how are you after the party?
Katie: really tired... and you?
Christie: same
Christie: the party was great!
Katie: Yeah, we had fun! :)",Christie and Katie are tired after the party. They both had fun.,Christie and Katie are tired after the party.
"Chandler: Phoebe!! Do you have money?? 
Phoebe: Yes I have .. But why do you need it..
Chandler: Open your door.. And pay the delivery guy standing outside my door..
Phoebe: Oh chandler !! you idiot... On my way..",Chandler asks Phoebe to open the door and pay the delivery guy standing outside his door.,Chandler will pay the delivery guy standing outside Phoebe's door.
"Katy: Hey Carlton
Ana: Hey Carlos
Carlton: 😹
Carlton: What are you up to? Any plans for the weekend?
Ana: Yep. We’re going to see this film by Lola Arias actually. You know her, right?
Carlton: Yes, she’s pretty famous actually and she’s done some work on my subject. I’ve seen her play about the Malvinas last year - it was v good
Ana: Yeah, Katy told me. We thought you might be interested in joining us because the film is actually on the making of the play you saw 😂
Katy: It’s a multi-layered cultural sandwich we’ve got for you Carlos
Carlton: Sounds delicious. Where and when are we meeting?
Ana: Just come to ours for an early dinner/drinks and then we’ll grab an uber
Katy: Ana wants to avoid you getting lost on your way and/or being LATE
Carlton: Ha ha ha sounds good to me
Katy: So perhaps you could drop by at like 7. On Saturday!!
Carlton: Erm, sorry - Saturday is fully booked
Carlton: Just joking 😂 I’ll see you then
Ana: 😂 cool
Katy: 😍😍😍😘😘😘",Katy and Ana invite Carlton to join them for a movie by Lola Arias on the making of the play he had seen. He will come to their place earlier on Saturday.,"Ana and Carlos are going to see ""Malvinas"" by Lola Arias on Saturday at 7."
"Ollie: Okay, Kelly! Ur up nxt!
Kelly: Me? I don't wanna.
Mickey: C'mon!
Jessica: Yeah! What's yours?
Kelly: Fine. It's a sculpture garden in Finnland.
Ollie: What's scary about sculptures? Wait! Do they resemble vampires and stuff?
Mickey: Nah, I'm sure they look rly nice.
Kelly: It's not the sculptures, it's the amount of them and their faces!
Jessica: Faces? What faces?
Kelly: Well, they resemble ppl in different activities like hugging, training, doing sport and so on. But the faces are just morbid and there's like a hundred of them. All staring at you!
Ollie: Another one?
Mickey: Certainly!
Jessica: Well, Ollie, ur turn!
Ollie: Nagoro village in Japan!
Mickey: Y?
Ollie: Well, maybe it's not scary, but it similar to Kelly's place. It's just creepy as hell.
Jessica: Bt y?
Ollie: Imagine a village with ppl living in it. And in the same village u have these human-sized figures. And there's more of them than the ppl that actually live there!
Kelly: Creepy AH!
Mickey: WTF?! Y would ppl even do that?
Jessica: Idk. Idc. Never. Going. There.
Ollie: See! Mine was the worst!
Jessica: Bt not the scariest!
Ollie: Point taken.
Mickey: Listen, guys, fun talking to u, bt gotta go. 
Kelly: Yeah, me too. Bye!
Jessica: Bye!
Ollie: Cu!","Kelly is scared of sculpture garden figures in Finnland, she finds figure's faces morbid. For Ollie it's Nagoro village in Japan, it's creepy. ","Ollie, Kelly and Mickey are going to a sculpture garden in Finnland."
"Ariana: I think I am going shopping
Aviana: Where? 
Aviana: Midtown? 
Ariana: Yeah
Ariana: I wanna buy some stuff
Aviana: I wish I could go with you 
Ariana: Thats ok 🙂",Ariana will do shopping in Midtown. Aviana can't join her.,Ariana is going shopping in Midtown. Aviana will go with her.
"Johnatan: yoo guys
Darren: B-)
Lucas: hey wassup
Johnatan: beer? now?
Darren: hell yeah B-)
Lucas: I'm free in the evening","Lucas, Johnatan and Darren are going to get some beer.",Johnatan and Lucas are going to have beer in the evening.
"Lisa: I have to clean the house.
Bob: Yes, it's very dirty.
Lisa: You can help me.
Bob: Why me?
Lisa: Because you helped make it dirty.
Bob: What do you want me to do?
Lisa: I want you to clean the bathroom.
Bob: Oh, that's easy.
Lisa: Clean the sink, the tub, the counter, and the toilet.
Bob: That's a lot of work.
Lisa: Tell me when you finish.
Bob: I don't think so. You'll just give me more work. ","Bob is going to help Lisa clean the house, he will clean the bathroom. ",Lisa has to clean the house. Bob will help her.
"Noah: Hi there! The quince we talked about the other day... Are you still interested?
Sophie: Hello Noah, but of course I am.Thank you.
Noah: Actually William went to collect the rest of them for you immediately. They're in a basket on our terrace, so you call collect them any time.
Sophie: That's very very kind of him! He's really a darling.
Sophie: We won't be going your direction any time soon I'm afraid. How long will they keep? Is it windfall?
Noah: Both really but they all look very healthy. No bruises afa one can see. Or only odd small ones. They' be alright for a couple of days I guess. The weather's cool.
Sophie: It would be a shame if they rotted. I'll talk to Frank and maybe to the twins too and go back to you asap.
Noah: OK.
Sophie: Hey Noah, the twins will be on their way from Notts tomorrow afternoon and passing Windfield. Is it alright if they pop in and collect the quince?
Noah: Absolutely! In fact anyone can come any time and just take them from our terrace. Of course it would be great to see your twins again. Haven't seen them for ages!
Sophie: Well we don't see that much of them either :( They'll be coming home this weekend only because of Alexa's ceremony.
Noah: Notts is 3 hours' drive away so small wonder they don't fancy it so much.
Sophie: I don't blame them! We're both happy they've been doing fine at college. Everything's absolutely fine. You don't have William at home all that often either, do you?
Noah: He gets 5 days at Xmas by way of ""family care"" and 2 weeks off spread over the whole year but never longer that 5 days. They have a strict regime at the academy. But after all these years we've learned to cope with it. What worries me is that he seems to have no time to even think about getting married and start a family of his own.
Sophie: The fate of most military I guess. Hugely unfair I'd say. Like being married to your regiment!
Noah: That's what it sounds like when he talks about himself! I never hear a girl's name! And when I ask, he gets brusque.
Sophie: Oh dear! What could it mean?
Noah: No, not what you think! We know from Capt. Broomsberg about their common escapades. Plenty of women but only that sort of women. No strings.
Sophie: I never even imagined he might be gay! Surely not. But there must be sth else.
Noah: We think he's just so obsessively career-minded. Nothing else counts for him.
Sophie: He's always been very strong-willed. And he knows what he wants. Well if I were you I wouldn't worry at all.
Noah: You're probably right. But you know I'd love it so much to have plenty of grandchildren around me.
Sophie: They'll come, don't you worry! Look the twins will contact you about the quince. Alright?
Noah: Sure. Thank you Sophie for a nice chat!
Sophie: Thank you for the quince!",Sophie accepts some quince from Noah. Noah has left the quince in a basket on his terrace and the twins can pick it up any time. The twins are in college. Noah's son is in the military. He is still single but reportedly not gay.,Noah will collect the quince from Sophie's terrace tomorrow afternoon. William will collect them from her terrace. Noah will talk to Frank and maybe to the twins asap.
"Riley: Chloe is on tv!!
James: on which channel?
James: never mind i've found it
James: what is she doing? i don't get it
Riley: this is a programme in which women undergo a complete metamorphosis.
Riley: OMG she looks drop dead gorgeous!",Riley and James watch Chloe on tv undergoing a metamorphosis.,Chloe is on tv. 
"Stewart: Can you believe he even said that about the forests? Raking? Really?
Shari: Yes. I can believe that this is an ignorant man. He proves it daily. This just one more example!
Stewart: He just has no clue.
Shari: I mean, there are so many people dead and all he can think to do is criticize the forestry department? With a totally inappropriate suggestion? Puhleeze.
Stewart: I can't wait to vote for anyone else but him.
Shari: I know what you mean. Half my friends voted for him just to see what would happen! Well, guess what?
Stewart: Yeah, but we couldn't go another 4 years with a Democrat. The country would go broke!
Shari: Maybe, but at least we wouldn't be hated around the world and led by an ignorant piece of shit!
Stewart: You've got a point!
Shari: I'm not sure he will finish out his term, with all the legal problems, but he seems to be able to hold off the big stuff. Somehow.
Stewart: I know. How is that even possible?
Shari: I'm not sure. I mean, he's breaking amendments to the constitution here!
Stewart: Only on the fringe.
Shari: Maybe.
Stewart: We have to make the best of it now. Nothing we can do.
Shari: Except vote him out!
Stewart: Exactly. But that's not for a while.
Shari: Closer every day. If only there was a good candidate.
Stewart: From your mouth to the Dem National Committee's ears!
Shari: LOL!
Stewart: We should volunteer. Get out the voters or something.
Shari: Good idea.
Stewart: Let me see what's out there and I'll let you know.
Shari: Great! ",Stewart and Shari find the current president ignorant and incompetent. They hope he gets voted out. Stewart is going to see what possibilities there are of volunteering in the upcoming elections.,Shari and Stewart will vote for Puhleeze.
"Harvey: Update?
Michelle: Too soon, still researching.
Harvey: That is an update, Michelle.
Michelle: Fine. 
Harvey: I can't wait all day.
Michelle: If you stop texting me, I could get on with it!
Harvey: Fair point.
Michelle: Besides, half of this stuff is black hat. I can't see most of it.
Harvey: Why not?
Michelle: It installs bugs on my computer.
Harvey: Oh, right.
Michelle: It's fine. I'm back on it.
Harvey: Thanks.",Michelle is still researching and Harvey cannot wait all day for the update. Michelle can't see most of the things as it's black hat and it installs bugs on her computer.,Harvey is still researching. Michelle is back on her computer.
"Martin: I won two cinema tickets!
Aggie: oh cool, how come?
Martin: online. on fb, the movie mag organized it
Aggie: so what did you do
Martin: just write a short review and that's it
Aggie: well done :) so what and when. and where?
Martin: the new film with Redford
Aggie: i guess i heard sth
Martin: it's pretty cool i heard. till the end of the week
Aggie: sounds good. we'll find time XD",Martin wrote a short review and won 2 cinema tickets on FB. Martin wants Aggie to go with him this week for the new film with Redford.,Martin won two cinema tickets online. He will write a short review of the new film with Redford till the end of the week.
"Catherine: We're going to visit uncle Steve, want to come with us?
Ben: why would I?
Catherine: He's family and we haven't seen him in a long time.
Ben: you know very well that I'm not fond of such visits
Ben: they stress me out
Catherine: Come on, even you can do it from time to time.
Ben: maybe I can but I don't want to
Ben: it will end the same way as usual
Ben: with me being pissed at everyone
Catherine: The boys want to see you
Ben: I can visit you and play with them some other day
Ben: I don't have to drive to another city to do it
Catherine: You know that he'll be disappointed?
Ben: uncle Steve?
Catherine: Yes.
Ben: I don't think so, we don't have anything in common
Ben: all he ever does is bothering me with stupid questions about my private life
Catherine: Maybe that's his way of showing that he cares about you
Ben: yes... sure... sometimes I wonder if you're thinking about what you type :P
Catherine: Depends on the day
Catherine: Today I'm tired so I can't guarantee it
Ben: you should rest then
Ben: instead of asking me to do stuff I don't like
Catherine: Alright, don't worry, I'll stop
Catherine: But still the part about the boys missing you was true
Catherine: So come and visit them when you'll have the chance
Ben: I will",Ben won't go with Catherine to visit uncle Steve. He will visit her and the boys. ,Catherine and Ben are going to visit uncle Steve. They haven't seen him in a long time.
"Abby: Have you talked to Miro?
Dylan: No, not really, I've never had an opportunity
Brandon: me neither, but he seems a nice guy
Brenda: you met him yesterday at the party?
Abby: yes, he's so interesting
Abby: told me the story of his father coming from Albania to the US in the early 1990s
Dylan: really, I had no idea he is Albanian
Abby: he is, he speaks only Albanian with his parents
Dylan: fascinating, where does he come from in Albania?
Abby: from the seacoast
Abby: Duress I believe, he told me they are not from Tirana
Dylan: what else did he tell you?
Abby: That they left kind of illegally
Abby: it was a big mess and extreme poverty everywhere
Abby: then suddenly the border was open and they just left 
Abby: people were boarding available ships, whatever, just to get out of there
Abby: he showed me some pictures, like <file_photo>
Dylan: insane
Abby: yes, and his father was among the people
Dylan: scary but interesting
Abby: very!",Miro speaks Albanian with his parents. His family left Albania illegally in 1990s.,Miro told Abby the story of his father coming from Albania to the US in the early 1990s.
"Marty: Hiya, I have a favour to ask... can you pick up Marcel from school?
Christine: Sure, you ok?
Marty: Not really, I think I have sprained my ankle...
Christine: Oh no, have you seen see a doctor?
Marty: I was gonna see how it went today and might go tomorrow...
Christine: Are you sure? I'm happy to take you now if you want?
Marty: Nah, it can wait, that'll leave us in trouble with the kids...
Christine: OK, I'll pick up Marcel then.
Christine: Do you need anything from the shops or something?
Marty: No we are good thanks. we'll have pizza night, Marcel can sort us out...
Christine: I'm on a late shift tomorrow, shall I take Marcel in tomorrow morning? I'll take you to the doctor afterwards if you want?
Marty: That would be awesome, thank you for your help...
Christine: No problem, you'll have to call the school though.
Marty: Good one, will do that now...
Christine: See you around 4.
Marty: Thank you so much!",Marty thinks she has sprained her ankle. Marty wants to go to the doctor tomorrow. Christine will pick up Marcel from school today. Tomorrow Christine will take Marcel to school and Marty to the doctor. Marty will call the school. Christine and Marty will meet around 4. ,Marty sprained his ankle. Christine will take him to the doctor tomorrow morning.
"Molly: listen I've got a free ticket to the Muse concert in Cracow, want to come with me?
Hannah: nah, I don't like them
Molly: what about you Anna
Anna: yassss please
Anna: let's go! <3",Molly and Anna will go to the Muse concert in Cracow.,Molly has a free ticket to the Muse concert in Cracow. Hannah doesn't like them. Molly will go with Anna.
"Paul: Do you have your keys?
Lena: Yup. What's up?
Paul: I will be home later than I thought, so just don't wait for me and get home.
Lena: What happened?
Paul: I'll call you in 15 minutes and then I'll tell you.
Lena: Ok.",Lena has her keys. Paul will be home later than he thought. Paul will call Lena in 15 minutes and tell her what happened.,Paul will call Lena in 15 minutes to tell her what happened.
"Jane: Hey
Martin: Whats up
Maria: Hey
Jane: Anyone going to Value Village? 
Jane: I am getting halloween costumes with my sister
Jane: If anyone wants to join
Connor: I got mine today so thanks
Connor: At Value Village
Jane: I am going with u ok? priv msg
Jane: ok ok",Connor bought his halloween costumes at Value Village where Jane plans to get her and her sister's costume.,Jane is going to Value Village with her sister. Connor got his halloween costumes today.
"Adam: Did you take the dog for a walk?
Mike: No, I did not have time,
Adam: Ok, I'll take him with me.","Mike didn't have time to take the dog for a walk, so Adam will take it with him.",Mike took the dog for a walk. Adam will take him with him.
"Joanne: What are your plans for the holidays?
Evelyn: Nothing. I’ll stay at home and rest.
Joanne: You must be exhausted after the past few weeks
Evelyn: It’s been hectic
Joanne: I’m going back home.
Evelyn: To France?
Joanne: Yes. Not that I want to go…
Evelyn: Why? You always liked spending Christmas with your family.
Joanne: I did. But my parents separated a few months ago
Joanne: It is still pretty tense…
Evelyn: I’m sorry to hear that
Joanne: My dad left my mum for his secretary
Joanne: Such a cliché 
Joanne: My mum is devastated
Joanne: So I’m basically going to cheer her up 
Joanne: It’s really hard for her now
Joanne: For me it’s also not easy
Evelyn: I can imagine!
Evelyn: If you want to bring your mum over here we could spend Christmas together.
Joanne: Thanks, that’s really sweet. But I don’t think she’s in a condition for that. She’s been very depressive lately. ",Joanne is going to go back home to France for the holidays. She's going to cheer her mum up because her parents separated a few months ago. Evelyn offers Joanne to spend Christmas together if she brings her mum over here. ,Joanne will stay at home and rest. Evelyn's parents separated a few months ago. Joanne is going to France to cheer her up.
"Rita: I'm so bloody tired. Falling asleep at work. :-(
Tina: I know what you mean.
Tina: I keep on nodding off at my keyboard hoping that the boss doesn't notice..
Rita: The time just keeps on dragging on and on and on.... 
Rita: I keep on looking at the clock and there's still 4 hours of this drudgery to go.
Tina: Times like these I really hate my work.
Rita: I'm really not cut out for this level of boredom.
Tina: Neither am I.",Rita and Tina are bored at work and have still 4 hours left.,Rita is falling asleep at work. Tina is tired of her work.
"Adam: I have a juicy gossip for you guys ;)
Borys: About whom?
Adam: So apparently, Iga planned a weekend getaway with her boyfriend, but they had to cancel because he couldn't talk his group into changing the date of the presentation :D
Katia: And she is pissed?
Adam: What do you think? That is why they aren't sitting together since Monday ;)
Katia: Who would have expected such a gossip girl from you :D","Iga and her boyfriend are not sitting together since Monday, because they had to cancel their weekend getaway. It made Iga very angry. Iga's boyfriend failed to convince a group to change the date of the presentation.","Iga planned a weekend getaway with her boyfriend, but they had to cancel because he couldn't talk his group into changing the date of the presentation."
"Chris: Hi there! Where are you? Any chance of skyping?
Rick: Hi! Our last two days in Cancun before flying to Havana. Yeah, skyping is an idea. When would it suit you?
Rick: We don't have the best of connections in the room but I can get you pretty well in the lobby.
Chris: What's the time in your place now?
Rick: 6:45 pm
Chris: It's a quarter to one in the morning here. Am still in front of the box.
Rick: Gracious me! Sorry mate. You needn't have answered.
Chris: 8-D
Rick: Just tell me when we could skype.
Chris: Preferably in the evening. Just a few hours earlier than now. And not tomorrow.
Rick: Shute! Only tomorrow makes sense as there's no workable internet in Cuba.
Chris: Could you make it like 3 pm your time?
Rick: Sure.
Chris: Perfect. So talk to you tomorrow.
Chris: Give my love to Helen please.
Rick: I will. Thx.",Rick and Helen are in Cancun. They're flying to Havana in two days. Chris and Rick will talk on Skype at 3 PM in Mexico.,Rick and Chris are going to skype in the lobby tomorrow at 6:45 pm. Chris will talk to Helen tomorrow at 3 pm.
"Joyce: Check this out!
Joyce: <link>
Michael: That's cheap!
Edson: No way! I'm booking my ticket now!! ",Edson is booking his ticket now.,Joyce is booking her ticket now.
"Andy: Hello. I have had a good look and have done some tests on the mould in your spare bedroom upstairs and in the dinign room.
Betty: Hello Andy. Thank you for that, what are your thoughts? 
Andy: I think it is caused by condensation, as most of the moist settles on and around the windows.
Betty: Why is that?
Andy: Those are the coldest areas and therefore where the moist in the warm air turns into water. On the windows its just water, on the walls the moist will allow mould to grow.
Betty: So why is it all over the spare room walls, and all around the dining room? but not in other rooms?
Andy: Probably because they have external walls which are cooler than internal walls.
Betty: so why only that bedroom and not the other ones?
Andy: I guess those rooms are most effected as the spare room is next to the bathroom and the dining room next to the kitchen.
Betty: But why isnt there mould on the kitchen and bathroom itself then?
Andy: I think that is because the kitchen doesn't have external walls and the bathroom has only one external wall and a fan in it. The difference when i measured it between internal wall and external wall is about 4 degrees.  
Betty: Does that mean we need new double glazed windows or new wall insulation?
Andy: Not necessarily. that would make a little difference but would still leave you with moist air in the house, so it would just settle somewhere else.  
Betty: So what would you recommend?
Andy: I would install a fan system, or PIV system, which would circulate air to dilute and take some moisture out of the air. It would be installed in your loft and be on continuously during day and night. 
Betty: That sounds good. would that be sufficient? 
Andy: If you buy a decent size it will be, but you would also need to treat your walls to get rid of the current mould. That will not go away by itself.
Betty: OK, is this something your company can help with?
Andy: It is indeed, we can repaint as well if you want. 
Betty: Good point. Could you please send me a detailed quote for the work via email?
Andy: Of course, I will have that done by Friday. 
Betty: That would be great. And again, thanks for today!
Andy: No problem, speak soon.",Betty's house has mould due to condensation. Andy will send her a quote for the work needed by Friday.,Andy has done some tests on the mould in his spare bedroom upstairs and in the dinign room. Betty will send Andy a detailed quote for the work via email.
"Matt: results should be announced soon
Matt: probably today 
Oliver: they posted it
Oliver: <file_other>
Peter: I didn't get into Stanford :(
Matt: let me see
Matt: yup, I did
Oliver: me too
Oliver: barely
Peter: I'm happy for you guys
Matt: chin up! there are many other options
Oliver: exactly, don't give up
Peter: thanks guys, that means a lot
Peter: send your documents asap
Peter: otherwise you'll stuck in the queue
Matt: thanks for a heads-up
Oliver: yea, we owe you one
Peter: I have to look for other university
Peter: see ya
Matt: bye","Todays results show that Matt and Oliver got into Stanford University, Peter did not. ",Matt didn't get into Stanford. He has to look for other university.
"Phil: can you go out today?
Phoebe: no
Phoebe: my mum is still angry
Phil: why?
Phoebe: i used her perfume
Phil: so what?
Phoebe: i used it and broke it
Phil: really?
Phil: xd lol
Phoebe: not funny
Phoebe: it was very expensive
Phoebe: besides, our whole house stinks
Phil: so it was not so beautiful perfume?
Phoebe: it was, but not 100 ml for 80 square meters",Phoebe cannot go out today because she broke a bottle of her mother's expensive perfume. Phoebe's mother is angry. The smell of the perfume in the apartment is too intense now.,Phoebe used her perfume and broke it.
"Stanley: I can’t believe in her…
Bill: What is it? And who?
Stanley: Del, she’s behaving kind of… stupid
Bill: Meaning?
Stanley: I told her I can’t go for this weekend with her because of work
Bill: And? How did she react?
Stanley: She was angry and wouldn’t listen to me. She accused me of having an affair o.O
Bill: You’ve been together for like 4 moths and she’s already doing sth like that???
Stanley: I know, it’s crazy. I starting to give up.
Bill: So what, that’s it?
Stanley: No, I’ll talk to her when she’s back, I’ll tell her it can’t be like this, see what will she say
Bill: Sorry to say that, I don’t think you’ll bring any good news xD
Stanley: Actually, me too. But at least I’ll try
Bill: Well, I’m sorry. We need to take care of the Lidem project right now.
Stanley: Yes I’m finishing the analysis for the pervious one, but it should be done tonight, so I can start working on it today
Bill: The problem is I don’t what you should do ;p
Stanley: whaaat
Bill: The analysis of tasks is not done yet, Alison disappeared from all the media and won’t answer her phone
Stanley: Great. So division of the tasks is on me?
Bill: Yes because I’m already researching when it comes to the funding.
Stanley: We’ll do, it’ll be ready tomorrow, not sure what time.
Bill: OK, keep me posted.
Stanley: Btw, it’s weird that Alison is out of touch
Bill: No at all, it’s not the first time
Stanley: Women…","Del accused Stanley of having an affair, because he couldn't go with her this weekend due to his work. They've only been together for 4 months, so it's not a good sign. Now Bill and Stanley need to take care of the Lidem project. Division of tasks is on Stanley, because Alison is unreachable.",Stanley can't go for the weekend with Del because of work. She accused him of having an affair o.O.
"Dominique: what's for the test tomorro?
Denise: units 2 and 3
Dominique: ok tx
Denise: np",Denise and Dominique has a test tomorrow on units 2 and 3.,Dominique and Denise are preparing for the test tomorro.
"luke: Hey, was just thinking, we should avail ourselves for team selection tomorrow regardless of our injuries
martial: thats what i was thinking also
luke: we should let Jose know that tomorrow
martial: the first thing in the morning infact
luke: the fixtures are really piling up and we need to help the team
martial: yeah, thats for sure, we are a family
luke: we will the coach know that we are ready to play
martial: despite the little pain, me i'm ready
luke: me too
martial: so we meet up at carrington and go to his office very early
luke: yeah, both of us
martial: ok, we'll go together
luke: cool 
martial: ok",luke and martial want to help the team and play despite their injuries. They will meet at carrington and go to the coach's office.,luke and Martial will meet up at Carrington and go to Jose's office very early tomorrow morning.
"Natalie: Could anybody check if my wallet is in my room?
Jenny: I'm not home
Tobias: It's here <file_photo>
Natalie: phew",Natalie's wallet is in her room.,Natalie's wallet is in her room.
"Ivan: hey eric
Eric: yeah man
Ivan: so youre coming to the wedding
Eric: your brother's
Ivan: yea
Eric: i dont know mannn
Ivan: YOU DONT KNOW??
Eric: i just have a lot to do at home, plus i dont know if my parents would let me
Ivan: ill take care of your parents
Eric: youre telling me you have the guts to talk to them XD
Ivan: thats my problem
Eric: okay man, if you say so
Ivan: yea just be there 
Eric: alright",Eric doesn't know if his parents let him go to Ivan's brother's wedding. Ivan will talk to them.,Eric is coming to Evan's brother's wedding. Evan doesn't know if his parents would let him go.
"Danna: How's your Saturday?
Reed: It was alright thanks
Danna: Good
Reed: Yours ?
Danna: Boring
Reed: Why?
Danna: I'm angry I called maybe 5-8 of my friends and they aren't around or are busy.
Reed: Shame
Danna: So it's is the next boring weekend for me
Reed: That sucks
Danna: The only thing I can do is watching TV -.-
Reed: Haha lucky you
Danna: Yeah haha
Reed: I don't have tv, our subscription expired and they never renewed it. They want us to pay for it so fuck it
Danna: Yeah. What are you doing?
Reed: I'm in bed
Danna: Work tomorrow?
Reed: No. Off tomorrow
Danna: Nice
Reed: Indeed",Danna has a boring weekend and is watching TV. Reed is in bed. He has a free day tomorrow.,Danna is angry because she called 5-8 of her friends and they aren't around or are busy. She is going to work tomorrow.
"Ricky: Did u guys see what's going on outside?
Shelly: A real blizzard!
Tom: Haven't seen such weather in yrs!
Ricky: This reminds me of a time when I was hiking in the mountains.
Shelly: U went hiking?
Tom: Yeah. What's so weird about it?
Ricky: U don't strike us as the type.
Tom: Well, I did. It was a couple yrs back, I admit. I was still a student and we went as a group of friends to the mountains.
Shelly: How many of u were there?
Tom: I think 5 or 6. Myself included.
Ricky: So what happened?
Tom: We rented a cabin in the wild. We wanted to have a weekend away.",There is a blizzard going on outside. Ricky went hiking a couple years ago with friends. They rented a cabin in the wild.,It's a blizzard outside. Tom and Shelly went hiking in the mountains. They rented a cabin in the wild.
"Amelia: What is your favourite colour?
Emily: Blue, why?
Amelia: I can't tell you
Emily: A surprise? =)
Amelia: Sort of... Can't tell you anything more
Amelia: Sorry 
Emily: I'm super curious",Emily's favorite color is blue. Amelia can't talk about the reason behind her question with Emily.,Emily is curious about Amelia's favourite colour.
"Claire: hey 
Claire: where's this conference about relations at school?
Aaron: hey
Aaron: it's in the teaching training thing
Claire: oh, in Sesame Street?
Aaron: yeah exactly
Claire: thanks! 
Claire: are you going? i mean apart from your own lecture ;D
Aaron: haha yeah i'm giving two, actually
Aaron: and i'm kind of a host there as well 
Aaron: so guess i'll be looking to coffee, biscuits etc
Claire: i see
Aaron: i was thinking i could go to Jo's lecture
Claire: Jo's... is it the one about stress?
Aaron: no, that's Joe ;D Jo is having a workshop on teamwork
Claire: ah, this one. yeah looks interesting
Aaron: i know her, she's a really good coach
Claire: i was thinking maybe mindfullness...
Aaron: yeah definitely!! if you haven't been to any mindfullness workshops then it's a must!
Aaron: i've taken it in Berlin last year, with the same guy
Aaron: it was amazing, life-changing i'd say
Claire: sounds wonderful
Claire: one can easily tell you're one of the organisers ;D
Aaron: hahah yeah but we did choose the best topics and presenters, believe me :D
Aaron: we've checked out all those people and learnt from them and yeah, they're the best ;)
Claire: ok ok i'm signing up :D see you there, during the breaks at least;)
Aaron: ok bye bye;)",Aaron will give two lectures during the conference about relations at school at the Sesame Street. Claire will participate in mindfulness workshop.,Claire and Aaron are going to a conference about relations at school. Aaron is going to Jo's lecture on stress and Jo's workshop on teamwork.
"Rachel: <file_other>
Rachel: Top 50 Best Films of 2018
Rachel: :)
Janice: Omg, I've watched almost all 50... xDD
Spencer: Hahah, Deadpool 2 also??
Janice: Yep
Spencer: Really??
Janice: My bf forced me to watch it xD
Rachel: Hahah
Janice: It wasn't that bad
Janice: I thought it'd be worse
Rachel: And Avengers? :D
Janice: 2 times
Rachel: Omg
Janice: xP
Rachel: You are the best gf in the world
Rachel: Your bf should appreciate that ;-)
Janice: He does
Janice: x)","Rachel sends a list of Top 50 films of 2018. Janice watched almost half of them, Deadpool 2 and Avengers included.",Rachel and Janice are discussing the Top 50 Best Films of 2018. Janice has watched Deadpool 2 and Avengers 2.
"Matthew: I have a cold. Need y'all support. It's painful
Lisa: Fight it. Drink orange juice. Make some soup
Matthew: I'll try
Lisa: I believe in u 
Matthew: Thank u. Apparently it's an allergy mixed up with virus
Lisa: Ahh it sucks. 
Lisa: Take a rest from evrthg.  
Matthew: Ikr. Hitting the hay now
Lisa: Good night 'Thew! ",Matthew has a cold. He will drink some orange juice and go to sleep.,Matthew has a cold and needs Lisa's support.
"Joanne: hi, wanna talk?
Bradley: hi, sorry, not right now, im busy
Bradley: crazy day at work
Joanne: sure, contact me, i gotta tell you something
Bradley: i will, ttyl",Bradley is too busy at work to talk to Joanne now.,Bradley is busy at work. Joanne will contact him.
"Edward: I dont wanna go on that business trip tomorrow
Lauren: I am stressed af
Kate: I don't think its gonna be that bad
Lauren: The boss is coming with us 
Kate: Yea well 
Kate: I am ok with him 
Edward: You think its gonna be just a few meetings with clients 😶
Kate: Not only
Kate: We're going to an expo 
Kate: I hate the expo stuff
Kate: We have to pretend to be nice
Kate: But people coming to our booth actually have nothing to do with what we're doing 
Lauren: True
Edward: Expos are not as stressful as meetings tho 
Kate: Ye well 
Kate: We cant complain rn 
Lauren: we have to go anyway 
Lauren: 😑😑😑
Kate: See y'all there then ","Edward doesn't want to go on the business trip tomorrow. Lauren's stressed about it, because their boss is coming with them. Kate think it's going to be ok. There will be meeting with clients and an expo.",Edward and Lauren are going on a business trip tomorrow. The boss is coming with them. They are going to an expo.
"Jesse: I have an idea that'll cheer u up!
Melvin: What is it?
Jesse: I was thinking about doing something 4 the less fortunate this year. 
Lee: Gr8 idea! Anything in mind?
Maxine: So no presents 4 me? :(
Jesse: U'll get ur presents, no worries ;)
Maxine: Phew! Was getting a bit worried for a moment ;)
Melvin: Bt what do u have in store?
Jesse: Well, have u heard about the Refuge?
Lee: No. What's that?
Melvin: That's the Christmas foundation to help women and children?
Maxine: I think I've heard of them. So what about them?
Jesse: That's right! They help women and children who escape from abuse. And every year they post wish lists of such ppl online and I thought that we could choose one and chip in. 
Melvin: That's a great idea!
Lee: Count me in!
Maxine: Me too.
Jesse: Have a look at these 3 lists: <file_other> <file_other> <file_other>
Lee: I think the second one would be the easiest to arrange.
Maxine: Agree.
Melvin: What about number 3? A bit ambitious, but if we pull together, we'll manage.
Jesse: Actually, I'm in for the 3rd one.
Maxine: I think the 2nd list would be better. The items cos more or less the same and we can easily divide it.
Melvin: But if we agree to chip in the same amount of money, we can deal with the 3rd one easily. 
Lee: Come to think of it, the 3rd one is not that bad. A bit of planning and logistics and were good to go. 
Jesse: So it's settled?
Melvin: Yup.
Lee: Sure. 
Maxine: Fine.","Jesse, Melvin, Lee and Maxine are going to take part in the Christmas charity action of the foundation called Refuge, which helps women and children who escape from abuse.",Jesse is thinking about doing something for the less fortunate this year. Maxine and Lee are in for the 3rd list.
"Emma: Hi neighbour :)
Emma: Do you want to take a stroll with the little ones?
Abigail: Hey Emma :) I don't think that's a good idea.
Abigail: My smog alert app is showing that the norms have been exceeded by 30% today :O
Emma: Oh my, that sounds serious.
Emma: I need to install that app.",Abigail is not going to take a stroll with the little ones. Her smog alert app is showing that the norms have been exceeded by 30% today.,Abigail's smog alert app is showing that the norms have been exceeded by 30%. Emma needs to install the app.
"Miranda: Hi S, could we cancel tomorrow's meeting?
Stephanie: again? what happened?
Miranda: I have to work :(
Stephanie: you work 20 hours a day!
Miranda: that's what young doctors do
Stephanie: they kill themselves working
Miranda: no they come close to death but survive and it makes them immortal
Stephanie: as long as you have an explanation :D",Miranda can't make her meeting with Stephanie as she has to work. ,Miranda can't cancel tomorrow's meeting because she has to work 20 hours a day.
"James: Amelia said that one of our lecturers in philosophy had an art exhibition (!). It opens tomorrow! 
James: I'm talking about this guy who taught us ethics.
James: Amelia recommends it :D
Mia: No way...! :D Professor Evans and art exhibition :D What has happened to this world?
Mia: But you know what? I would actually like to see it! :D
James: ME TOO, of course! :p Can Amelia go with us?
Mia: To the exhibition or to the exhibition and to the cinema? You remember that we have plans for tomorrow...?
James: both
James: yes, I do
Mia: ok
James: Are you mad at me?
James: Babe, the fact that I suggested that we might go out with Amelia doesn't mean that I don't value time that we spend together, just the two of us.
Mia: I know, I said ok.
James: Are you sure you're fine with this?
Mia: Yup. :)
Mia: I just don't know her very well, it's gonna be stressful for me.
James: :) But you know me, don't you?
Mia: Maybe I do :D
James: Really, there's nothing to worry about. Amelia is quite laid-back and likable. ;)
James: Afterwards we can go to my place and hang out, cuddle and so on... :*
Mia: Sounds good :) :*
James: So we're good, right?
Mia: Right. ;)",James and Mia want to go to an art exhibition tomorrow. James wants Amelia to go with them but Mia isn't sure about it. James and Mia will go to his place afterwards.,James and Mia are going to see an art exhibition tomorrow.
"Mary: hey, im kinda broke, lend me a few box
Carter: okay, give me an hour, im at the train station
Mary: cool, thanks",Mary ran out of money. Carter is going to lend her some in an hour.,Carter will lend Mary a box at the train station.
"James: hi girls! When are you flying to Japan?
Mary: in a week! unbelievable 🎉
Patricia: I can't believe either. 
Patricia: I am also increasingly scared
Mary: you're such an alarmist!
James: But scared of what??
Patricia: the long flight, earth-quakes
Patricia: God, and tsunamis!
James: hahaha, you're really a damn alarmist
James: this is so exaggerated, are you serious?
Patricia: James, I almost never travel, I'm afraid really
James: Listen, nothing will happen. First of all the earthquakes happen rarely, even in Japan and only in certain places
James: it's not like the whole country is shaking all the time
Mary: I'm telling her this all the time, but it's pointless
James: And, most of all, Japanese have amazing architecture because of their experiences with earthquakes. Their cities are super safe
Patricia: What about tsunamis?
James: Are you going to be at the coast even?
Patricia: Mary, are we?
Mary: I doubt. maybe for 2 hours somewhere close to Tokyo
James: So I don't think the next tsunami in Japan will happen exactly at that place and time, relax and enjoy
James: Japan is really an amazing country.
Patricia: Thanks James :)","Mary and Patricia are flying to Japan in a week. Patricia is scared of long flight, earth-quakes and tsunamis. James is comforting her. Mary tried to comfort Patricia too with no effect.","Patricia and Mary are flying to Japan in a week. They are afraid of earthquakes, earth-quakes and tsunamis."
"Steffen: Any room in any of the cars going to the infinity pool? Im more handicapped than usual since I twisted my ancle yesterday :(
Irene: we can give you a lift. Don’t think the car can make it all the way up, so will park at the bottom and hike up 
Steffen: Then I think I have to skip - cant really walk on my leg atm :confused: But thanks anyway
Irene: :(
Dan: I’m pretty sure Mr.Budd could make it, it’s 4wheel drive, if mr.budd is going, although I haven’t seen the hill 
Luke: have you been up there? how bad is the road actually?
Luke: lol, that explains it
Luke: Sandy, is it vistas de olas?
Ben: Yes! Vistas de olas","Steffen twisted his ankle yesterday and needs a lift to the infinity pool. Irene's car probably won't make it up the hill, so they'd have to park at the bottom and hike up. Mr.Budd should make it up the hill since it's a 4-wheel drive.",Steffen is more handicapped than usual since he twisted his ancle yesterday. Irene and Dan will give him a lift to the infinity pool. 
"Rob: hey, pick up your phone :)
Ann: can't - meeting :)
Rob: sorry...
Ann: no problem - super boring one :) 
Ann: what you need babe?
Rob: I'm at the grocery store and was wondering if we need anything
Ann: some food :)
Rob: yeah, I figured that smartass :)
Ann: :*
Rob: details? so that you won't moan we don't have anything to eat :)
Ann: from what I remember we have everything for supper and lunch tomorrow, maybe some fruit and vegetables?
Rob: anything in particular?
Ann: cucumber, tomatoes, bananas, apples and whatever you like
Rob: ok","Rob is doing shopping at the grocery store. Ann ordered him to buy a cucumber, some tomatoes, bananas and apples.",Ann can't pick up her phone because she's at the grocery store. Rob will pick up some food for supper and lunch tomorrow.
"Emily: Does anybody now where the next ASEEES conference takes place?
Chloe: Actually I have no idea, but a good question
James: I've heard somewhere in California
James: Yes, San Francisco!
Chloe: not bad, but I really hoped for Hawaii 
James: hahaha, oh yes, but it won't happen too soon
Chloe: why do you think so?
James: The last conference there in 1993 was criticised for the high costs of traveling to the place
Chloes: I see, pity",James informs that the next ASEEES conference will be held in San Francisco. Chloe was hoping for Hawaii. James doesn't think there will be a conference in Hawaii soon due to the high cost of travel.,The next ASEEES conference will take place in San Francisco.
"Helen: are you home?
Debbie: yes
Helen: can you bring me my laptop?
Debbie: to work?
Helen: yes, i have forgotten to take it
Debbie: you have this presentation today?
Helen: yes, and without my laptop i cant do anything",Helen has left her laptop at home and needs it for the presentation today. Debbie will bring it to Helen's work. ,Debbie will bring Helen her laptop to work. Helen has a presentation today.
"Janice: my son has been asking me to get him a hamster for his birthday
Janice: should i?
Martina: NO! NO! NO! NO! NO!
Martina: i got one for my son and it stank up the whole house
Martina: so don't do it!!!",Martina advises against getting a hamster. ,Martina got a hamster for her son for his birthday.
"Casey: <file_photo>
Amelia: these are so nice!!! did you do them yourself?
Kristen: wooow amazing
Amelia: i want my nails done like that too!
Casey: yeah i did it myself :D got a new nail polish but damn it took me nearly 4 hours lol
Amelia: can you do it for us too?
Kristen: pretty please!
Casey: sorry you guys... it was a nightmare :( seriously 4 hours for nails is too much","Casey got a new nail polish and did her nails herself. It took her nearly 4 hours, so she won't do her friends' nails, as it takes too long.",Casey got a new nail polish and it took him nearly 4 hours to do it. Amelia and Kristen will do it for Casey.
"Louis: did you see all the people outside the book shop today?
Louis: it was insane!!!
Sara: YES!!!
Sara: i saw a hugeeeeeeee crowd
Sara: do you know what was going on?
Louis: my friend told me this writer, this new writer...
Louis: i can't remember his name...
Louis: the one that writes about vampires
Sara: dante kyle?
Louis: no, the other one
Sara: cole grant?
Louis: YES!! my friends told me he was there signing copies of his books
Sara: no big loss then
Sara: i'm not a fan of his","There was a crowd outside the bookshop today. Cole Grant, who writes about vampires, was allegedly in the bookshop signing his books.",Louis saw all the people outside the book shop today. He saw a new writer signing copies of his books.
"Josh: Stephen, I think you've accidentaly taken my notebook home
Stephen: wait lemme check
Stephen: nope, I don't see it anywhere
Jack: oh shit, I've got it xDDD I don't even know why
Josh: xDDD ok, no problem, cool I know where it is
Jack: I'll bring it tomorow",Josh thinks Stephen accidentally took his notebook. Jack has it and will bring it tomorrow.,Stephen has accidentaly taken his notebook home. Jack will bring it tomorow.
"Jason: What are you doing this weekend? If you're bored maybe we should do something, but we also MUST create the video!
Dory: My friend is coming over the day after tomorrow
Jason: Yay! How long will s/he be staying?
Dory: She. around a week. gotta get the house ready. So how is the movie coming along? 
Jason: We've had 2 months and now we're down to 2 weekends...
Dory: Have you started?
Jason: I purchased the app in which to video and to edit and Lucy has a script. We just have to produce something now.
Dory: So you're virtually done!
Jason: Haha, something like that",Jason wants to meet Dory over the weekend. Dory's friend is going to stay with her for a week. Jason has been working on a movie with Lucy for the past two months. Jason bought a video-creator app.,"Jason, Rory and Lucy are going to create a video for the movie. Jason purchased the app in which to video and to edit and Lucy has a script."
"Mia: God, he keeps talking about the stupid wall
Jennifer: I think he's just senile
Karine: unfortunately it's much more
Karine: this populist strategy to scare people with a minority
Karine: and then present himself as the only savior
Peter: Karine is right, I think he's not as senile and stupid as we would like to believe
Mia: so it's even worse - he's pure evil
Peter: possibly yes
Karine: I really think so, because it's not only about politics anymore
Karine: he is destroying the Earth
Karine: trying to shake the world's order
Jennifer: but he's also quite stupid
Jennifer: and the dangerous thing is his self confidence
Jennifer: he's persistence 
Jennifer: and ignorance
Karine: but we have a chance to change it
Karine: maybe Trump will be over soon?
Mia: we will see
Mia: but we should do anything to win the next elections
Karine: everything!","Mia, Jennifer, Karine and Peter do not like Trump.","Mia, Jennifer and Peter think Trump is evil."
"Ray: u in ur room?
Max: no whats up
Ray: someone locked the door from outside -_-
Max: wtf xD
Ray: yeah dude cmon u gotta let me out
Max: but im out
Ray: are u kidding me
Max: sorry man XD
Ray: dude i have to pee
Max: HAHAHAHHAHAHA XD
Ray: thats not funny >.<
Max: it actually is xD
Ray: can u ask someone else to do it
Max: yea let me see if my roommates there
Ray: HURRY
Max: hes coming
Ray: tell him to HURRYYY
Max: hes on his way 
Ray: he opened it, thanks
Max: enjoy XD",Ray is locked in the room from the outside and he has to pee. Max's roommate will come and let him out.,Someone locked the door from outside. Ray will ask someone else to open it.
"Kathy: <file_picture>
Kathy: Aunt on the chair getting her haircut today :)
Kathy: I think I'm also going to get something done today
Kathy: Maybe get it cut a bit shorter
Olivia: ooo how fun! I am just chillin today 
Olivia: <file_picture>
Kathy: <file_picture>
Kathy: : <file_picture>
Kathy: The end results :) 
Olivia: Very cute! 
Olivia: <file_gif>
Olivia: Although not a big difference with Aunt's hair. But yours looks really nice!
Kathy: Thanks!",Kathy had her hair cut.,Kathy is going to get Aunt's haircut today.
"Jair: Still busy?
Callum: Yes a little sorry
Jair: ok",Callum is still busy.,Callum is busy.
"Jeff: Should we go to the village party?
Lia: I'm too tired after hiking
Mico: I'd like to go, there may be some hot boys!
Lia: I doubt
Jim: like a real village boy?
Jim: who doesn't even speak English?
Mico: yes, the dummer, the better
Jim: haha, stupid fucks good, they say
Mico: I confirm!
Lia: not my cup of tea
Mico: I'll go there, who wants to join?
Jeff: I'll go as well
Mico: wanna drive?
Jeff: so you could drink?
Mico: would be nice, hahah
Jeff: not excited, but ok
Mico: thanks!",Mico and Jeff will go to the village party. Jeff will drive.,"Jeff, Mia and Jim are going to the village party. Mico will join them."
"Derek: It's been a long day
Phil: Same here
Cynthia: good or bad?
Derek: Very busy
Derek: I closed some deals but I had a lot of stress also
Phil: Lucky you
Phil: I couldn't close any deal
Phil: It annoys me 
Phil: Some customers are negotiating for days, weeks
Phil: And then they pull out 
Cynthia: Maybe they're just fishing
Cynthia: Want to compare offers 
Phil: That's what they do ",Derek closed some deals today. Phil didn't manage to do it.,Derek closed some deals but he couldn't close any deal.
"Joanna: They are sending emails about Lewandowska.
Merve: What happened?
Joanna: <file_photo> 
Merve: Wooow!
Joanna: She is hospitalized because she has measles.
Merve: She had what?
Joanna: Anyone who had contact with her within the last couple of days must get vaccinated.
Merve: Luckily I didn't see her since the last semester...
Joanna: I did, she is my thesis mentor :(
Merve: What will you do?
Joanna: They are organizing vaccinations in the main building from 17th until 19th.
Merve: You have to go!
Joanna: I know... And I just started working so I really don't have a lot of time.
Merve: Come on, this is really important.
Joanna: I will try to do it before work on 18th, hopefully I won't lose the entire day...",Lewandowska has measles. There are vaccinations in the main building from 17th until 19th for everyone who had contact with her. ,Lewandowska is hospitalized because she has measles. Joanna will try to get vaccinated before work on 18th.
"Alexa: I want to confess something
Hunter: What is it?
Alexa: I asked Ethan to Insult you :(
Hunter: But why did you do that?
Alexa: I was too jealous to see you with Ethan that day, dats why :(
Hunter: But you could just ask me not to do something if you dont want me to?
Alexa: We would talk about it tomorrow",Alexa asked Ethan to insult Hunter out of jealousy.,Alexa asked Ethan to Insult her.
"Gill: i need a new peeling
Bunny: why?
Gill: this one is not so good
Gill: it has only small pieces of seeds
Gill: and i need more power
Bunny: you can make your own peeling
Gill: how?
Bunny: do you have some real coffee?
Gill: i think so
Bunny: so make it
Bunny: drink it
Bunny: relax
Bunny: and then take the seeds and pour some oil
Bunny: and scrub your body :)
Gill: brilliant thx :)",The particles in Gill's current peeling are too small. She'll try making her own peeling from ground coffee.,Gill needs a new peeling. He has only small pieces of seeds.
"Desiree: U both at home?
Lucian: No. I've just got ur msg. Why did u ask about it?
Desiree: No reason. Keep my pasta in the microwave
Lucian: I haven't cooked anything",Lucian is not at home. Desiree wants Lucian to keep her pasta in the microwave.,Lucian hasn't cooked anything.
"Eric: <file_video>, check it out :D
Samantha: HAHA, what is our favorite professor?
Eric: Talking about this recent scandal on the news :P
Noah: ""I am the smartest person alive, I knew this will happen"" :D
Samantha: Hahaha, now I don't even need to open the video","Eric, Samantha and Noah's professor is commenting a recent scandal on the news. ",Noah is talking about the recent scandal on the news.
"Tobi: Have you been to the new club?
Nicholas: Cork?
Tobi: yes, this one
Serena: waste of time
Ella: yes, huge disappointment
Serena: we went there with Ella last weekend
Ella: because they had such a cool ad campaign
Serena: you won't believe
Ella: it was empty
Ella: nobody there
Tobi: oh, shit
Ella: yes, that's the proper word
Nicholas: they need some time maybe?
Ella: maybe, but I won't risk again",Ella and Serena went to Cork club last weekend. The club was empty and they did not like it.,"Tobi, Serena, Nicholas and Ella went to the new club in Cork last weekend. It was empty."
"Charlie: My sister has just passed her last exam on her Uni
Charlie: Got something to celebrate
Charlie: Wanna go out with us tonight?
Frank: Sure why not.
Frank: Let me know later when the plan clarifies.
Charlie: Kk.",Charlie's sister has passed her last university exam. Charlie and Frank will go out to celebrate that tonight.,Charlie's sister passed her last exam on her Uni. Frank and Charlie will go out with them tonight.
"Ben: Where are you?
Emma: at the rare of the bus
Ben: why?
Emma: there are some free seats here
Emma: so I can have a nap even
Ben: good idea
Emma: when are we going to arrive to NY?
Ben: around 4.30 PM
Emma: if traffic is not crazy
Ben: right, we will see
Emma: could you come here and wake me up around 4.15?
Ben: sure
Emma: thanks!
Ben: sleep well
Emma: I'll try",Emma is about to take a nap in the back of the bus to New York. Ben and Emma will be there around 4.30 pm. Ben will wake Emma up 15 minutes prior to their arrival.,Emma is at the rare of the bus seats. Ben will wake her up around 4.15 PM.
"Kris: Why is it so cold outside? 🥶🥶🥶
Ovi: Yeah idk 🥶
Kris: I am literrarily dying 
Kris: literarily*
Ovi: I don't feel like going anywhere
Ovi: But still gotta go work 
Jason: I've been running around the city all day in this cold
Jason: I'd probably get sick 
Nadine: Wll at my clinic
Nadine: we're getting lots of sick patients 
Ovi: Oh really
Nadine: Ya, these days have been rough 😓",A lot of sick people go to Nadine's clinic because of the cold weather.,It's cold outside. Kris is literrarily dying. Jason is running around the city all day in this cold.
"Adam: hi Mum!
Hannah: Hello, ready for your flight?
Adam: yes, just finished packing
Adam: can you remind Dad that the plane was rescheduled and will arrive one hour later?
Adam: there's no point for him to wait that long at the airport
Hannah: Sure, I will.
Hannah: Do you want anything special for dinner tomorrow?
Adam: nah, I'm fine with anything you'll prepare
Adam: especially if you compare it to what I'm eating on a daily basis :)
Hannah: Alright.
Hannah: Can't wait to see you!
Adam: I'll be there in less than 24 hours :)
Adam: I'm sure you can wait
Hannah: It's been half a year since your last visit, so don't be surprised!
Adam: I'm not
Adam: I miss you all as well
Adam: see you tomorrow!
Hannah: Bye! Have a safe flight!",Adam hasn't visited his parents in six months and is coming over tomorrow. His flight will land an hour later than originally scheduled. Hannah will let Dad know.,Adam has just finished packing. He will be there in less than 24 hours. Hannah will remind Dad that the plane was rescheduled and he will arrive one hour later.
"Rodney: Have you heard a guy got beaten and mugged on campus?
Truman: Oh, man is he ok?
Ross: Do they have any idea who did it?
Rodney: They're gonna give an official statement about. There's also gonna be an article in the paper. As far as I know the assailant had a mask on.
Truman: And what about the beaten guy?
Rodney: He's in the hospital, but it seems like he'll be fine.
Ross: You think it was a student?
Rodney: Who knows what those jocks are capable of.
Ross: They could do it just for fun.
Truman: On the other hand its easy to get on campus without being detected
Ross: There are cameras.
Truman: If your masked it don't matter. You know how those security guards are
Rodney: They don't give a fuck
Ross: True that
Truman: Hope they catch the guy soon","A person was beaten and mugged on campus and had to be hospitalised. The attacker wore a mask. An official statement will be released, along with a newspaper article. Truman and Rodney think the campus security is subpar, even though there are cameras around.",A student was beaten and mugged on campus. The assailant had a mask on. The student is in the hospital.
"Karen: I passed!!!!!
Simon: Whooooooooooah!!!!!
Tim: Congrats!!!
Patty: Guess we have a new designated driver :D",Karen passed a driving exam.,Karen passed. Simon passed. Tim and Patty congratulate Karen.
"Ginger: need some sugar
Ginger: desperately!!!
Phylis: <lol>
Phylis: I'm baking a pie
Phylis: come if u want :D
Ginger: be right there!!!",Ginger needs to eat something sweet. Phylis is baking a pie. Ginger will come to Phylis shortly.,Phylis is baking a pie.
"Maria: I'm tired of this job, I can't stand it anymore
Anastasia: I know, but calm down
Felix: don't make decisions in this rash
Maria: :(",Maria is tired of her job. ,"Maria is tired of this job, she can't stand it anymore."
"Daniel: have you guys played DA?
Mary: which one?
Daniel: Inquisition
Mary: damn yes
Mary: love it to bits - team Dorian <3
Lucas: is it any good? I played just DA II
Mary: is it any good?! it's fucking brilliant!!!
Mary: Dan, are you playing?
Daniel: just started and I'm not sure, trying to get used to the mechanics
Mary: you have to give it a go, I was sceptical at first, but... omg, wait for Dorian
Lucas: Is it better than 2?
Mary: oh yes",Mary has played DA Inquisition. Lucas has played DA II. Daniel started playing DA Inquisition.,"Daniel and Lucas have just started playing DA II. Daniel is sceptical at first, but he is now getting used to the mechanics."
"Lenny: Babe, can you help me with something?
Bob: Sure, what's up?
Lenny: Which one should I pick?
Bob: Send me photos
Lenny:  <file_photo>
Lenny:  <file_photo>
Lenny:  <file_photo>
Bob: I like the first ones best
Lenny: But I already have purple trousers. Does it make sense to have two pairs?
Bob: I have four black pairs :D :D
Lenny: yeah, but shouldn't I pick a different color?
Bob: what matters is what you'll give you the most outfit options
Lenny: So I guess I'll buy the first or the third pair then
Bob: Pick the best quality then
Lenny: ur right, thx
Bob: no prob :)",Lenny can't decide which trousers to buy. Bob advised Lenny on that topic. Lenny goes with Bob's advice to pick the trousers that are of best quality.,Lenny will buy two pairs of purple trousers. Bob has four black pairs.
"Ross: Don't judge me
Chandler: what, why?
Ross: I was thinking about tonight...
Chandler: yes?
Ross: and...
Chandler: Just say it or I'm gonna come and punch you
Ross: I wanna do karaoke
Chandler: hahhahaa
Ross: Karaoke is fun
Chandler: <file_gif>
Ross: No, but seriously, I'm sure girls are gonna love it too
Chandler: Ok but just this once
Ross: Deal
Chandler: And I can record everything
Ross: you wouldn't
Chandler: I will :D
Ross: Well okay, there's nothing wrong with having fun
Chandler: <file_gif>
Ross: :D
Chandler: Will you do George Michael?
Ross: OF COURSE
Chandler: hahaha",Ross wants to do karaoke. Chandler wants to record it for fun.,Ross is thinking about doing karaoke tonight. Chandler will record everything.
"Michelle: i love kelly, she's so sweet
Jared: i like her too, i like her a lot
Jared: do you mind if i ask her out?
Michelle: of course not! why would i?
Jared: well... you and i used to go out, and she's your bestfriend
Michelle: nonsense, you should ask her out! :-D","Jared and Michelle used to go out together. Now he'd like to ask Kelly, Michelle's best friend, out. He gets her permission.","Jared and Michelle used to go out, and she's his bestfriend."
"Fiona: hey
Anna: hello 
Fiona: can you go with me to a doc? 
Fiona: I need support 
Anna: yeah sure 
Fiona: thank you so much 
Fiona: it's tomorrow at 8 a.m.",Anna will go with Fiona to a doctor tomorrow at 8 a.m.,Anna will go with Fiona to a doctor tomorrow at 8 a.m.
"Hollie: How are you?
Amy: hey
Amy: i'll get back to you later, working now
Hollie: Ok.","Hollie says hello to Amy, but Amy is busy working and can't chat right now.",Amy is working now.
"Ying: <file_photo>
Ying: my 10 years challenge everyone
Helen: wow
Norma: :O
Zazu: dude...
Zazu: I'm impressed","Ying sent a photo of his 10 years challenge to Helen, Norma and Zazu.","Ying's 10 years challenge everyone. Helen, Norma and Zazu are impressed."
"Kelly: Should I put on the red dress?
Meghan: oh yes!!!! 
Mary: I'll wear a red dress too, and bright, red lipstick
Kelly: bloody Mary!
Mary: hahahaha",Kelly and Mary will wear red dresses. Mary will wear a red lipstick too. ,"Kelly, Meghan and Mary will wear red dresses and bright red lipstick."
"Laura: where will we go tommorow?
Linda: maybe this italian restaurant?
Laura: hmm ok
Linda: i love their pasta
Linda: and brownie :)
Laura: i thouht you dont eat sweets
Linda: this brownie is not so sweet",Linda and Laura are going to an Italian restaurant tomorrow.,Linda and Laura will go tommorow to eat pasta and brownie.
"Caroline: I think his mother doesn't like me...;-( :-( 
Kate: how come??
Caroline: I just see it in her eyes...
Kate: any example?
Caroline: I just feel it... 
Caroline: hard to give any example.
Caroline: I'm his first gf and she's jelous...
Kate: what??? u r his first gf??
Kate: how old is he??? o_O ???
Caroline: 26 but he's a nerd.
Caroline: he used to spend all the time at home..
Kate: so he lives at home with mummy?? LOL
Caroline: yeah.. mummy and gramma
Kate: fuck, really??
Kate: and u think he's normal?
Caroline: he's an introvert...
Caroline: it's a big house..
Kate: but has he ever lived somewhere else?
Kate: u know shared flat, erasmus?
Caroline: nope...
Kate: he's really weird..
Caroline: he's just a nerd, but v.intelligent!
Caroline: w8 , he's writing sth, will text u l8er.
Kate: ok",Kate believes her boyfriend's mother dislikes her. He is a nerd who lives and has always lived with his mother and grandmother.,Caroline thinks his mother doesn't like her. Caroline's first boyfriend is 26 but he used to spend all the time at home with his mum and gramma. He's writing sth.
"Mary: Did you tell your sister I am doing online job?
Mark: yes !
Mary: why
Mark: because she keep saying your good for nothing?
Mary: dint I tell you I don’t care?
Mark: what happened?
Mary: see I don’t want to prove anything to anyone..
Mark: I know… but I was just feeling proud so it was kind of show off…
Mary: she is asking everyone… and trying to get to the people I am working for
Mark: really!! I am sorry for that…
Mary: don’t be! I understand your feelings…  but u know how she is…
Mark: I know!! :? 
Mary: don’t be sad now its ok.. she cant do much about it… chill its ok but just be careful
Mark: I will be ..
Mary: btw it feels good that she is so jealous :P
Mark: lol my aim was to make her feel jealous
Mary: but i dont like it that she tries to contact the people i am working for ... what does she want?
Mark: may be she wants to confirm if its true... because its not easy to digest that your working from home and earning well!!!
Mary: whatever i just hate her
Mark: chill now .... :) love you
Mary: i am chilled :cool: ... love you too honey",Mark told his sister that Mary is doing an online job. Mark's sister is contacting people to confirm it. Mark thinks she's jealous. Mary hates Mark's sister.,Mary told her sister she is doing online job. She is trying to get to the people she is working for.
"Rob: Are we meeting up 2morrow?
Eve: How about Sunday
Eve: stores are open so we can go then
Rob: Ok I just don't know what time they close
Eve: we have ot go in the moring 
Eve: I have some stuff to do around 3
Rob: ok",Rob and Eve will meet on Sunday morning to go to the shops. Eve has something to do at about 3. ,Eve and Rob are meeting up on Sunday at 3 pm. Eve has some work to do.
"Larry: ""old heads"" will hear insurance and their ears will prick up. This vote isn't about converting people we already have onboard :)
Kirsten: Agreed. And I am more than happy and willing to chat with 'old heads' on the matter. Can talk about 'risk mitigation' and what not.
Larry: Let me take a look at that email and get back to u
Kirsten: Ok. sounds good. And let me know what you think and I will pull the trigger and post.
Larry: Nailed it. God damn it. Post it. It's a Sunday
Kirsten: Ok. Now I got to get my husband to sign off on it since we are referencing him. Oh the married life!
Larry: Mate. They're lucky to have you. Let alone him. Don't forget you're doing them all a gravious favor... Let that be clear.
Kirsten: Lol. Thank you. I appreciate the confidence. I like to stay busy and I love to learn. So I think this will take care of both :)
Larry: I hear that!
Kirsten: Besides. To be transparent. I honestl don't intend on doing this by myself. I would be a fool not to take input fro Jamie and John. They all have a lot of experience and knowledge in the role.
Larry: I hear that too. No argument from me. The current BoD has ignored them both. It's insulting.
Kirsten: Legal action seems to be the only thing they understand. 
Larry: Sadly yes. On a different note. I want to see a menorah in the lobby next year
Kirsten: Yes let's try to! I will See if Sara has an extra we can out in the lobby",Larry has to read the E-mail again and make a decision with Kirsten afterwards. Kirsten has to convince her husband. Kirsten wants to include Jamie and John. Larry and Kirsten are going to arrange menorah in the lobby.,Kirsten wants to see a menorah in the lobby next year.
"Owen: there is smth wrong with her
Neil: I know, right?
Penny: are you talking about Amy?
Owen: yes
Neil: she looks serious at all times
Penny: have you talked to her?
Owen: no
Neil: neither have I
Penny: that's the point, we should meet her in person","Amy has severe aura. Penny, Owen and Neil want to meet her in person.",Owen and Neil want to meet Amy in person.
"Sam: Where are you?
Kate: downstairs
Sam: already?
Kate: sure, come down
Jeff: We're in the little room next to the reception
Kate: have you noticed the woman making a cake?
Sam: yes
Kate: did you see the cake?
Sam: I didn't pay attention, why?
Kate: there was a huge penis on it
Kate: made of marzipan or sth
Sam: hahah, really?
Kate: when I noticed it, I started laughing
Kate: so she laughed too
Sam: nice
Kate: I asked her what's she doing
Kate: Somebody ordered a cake with a huge penis with balls and chocolate hair
Sam: hahah, I must see it!
Kate: she is working in the small room under the stairs
Sam: right, there is a kitchen",Kate and Jeff are downstairs in a room next to the reception. Some lady is making a marzipan cake. ,The woman making the cake is making a huge penis with balls and chocolate hair. She is working in the small room under the stairs.
"Kelly: Oh! Oh! Can I pick the first question?
Jessica: Sure. Go for it!
Kelly: What's the scariest place you've been to!
Jessica: I'll start: Palermo in Italy.
Mickey: And what's so scary about that? Did you break your nail? :P
Jessica: Shut it, Mickey! No, there are the Capuchin Catacombs with 8000 corpses! 
Kelly: Ewwww! Corpses? Rly?
Jessica: Yeah! And you can look at them like museum exhibits. I think they're divided somehow, but have no clue how!
Ollie: That's so cool! Do you get to see the bones or are they covered up?
Jessica: Well, partly. Most of them were exhibited in their clothes. Basically only skulls and hands. 
Mickey: I'm writing this one down! That's so precious!
Ollie: Me too!",The scariest place for Jessica was the Capuchin Catacombs in Palermo.,Jessica is going to Palermo in Italy. She will start with the Capuchin Catacombs with 8000 corpses.
"Mr. Williams: Ms. Blair, would you like to go for a coffee?
Ms. Blair: I thought you'd never ask.
Mr. Williams: That's outstanding. Do you have a favourite coffee place?
Ms. Blair: I actually do. It's near the square in a side alley.
Mr. Williams: I think I know which one. Let's say 2 p.m.?
Ms. Blair: Sounds great. See you there :)",Mr. Williams invites Ms. Blair for a coffee. They will go to her favourite coffee place near the square in a side alley at 2 p.m.,Ms. Blair and Mr. Williams are going for a coffee at 2 pm.
"Pat: Hi, it's Pat here. I have a slight delay, a couple of hours, so I will come in the evening, around 9pm. I hope it is not a problem...
Bart: Hi, no, not at all :) you didn't catch the train?
Pat: hehe, no. I thought today i was free from work, but i got another project to finish. So i will be tomorrow morning. Im sorry for those changes, i myself am surprise.
Bart: hahaha a tiny regret. Will you manage to get here on your own?
Pat: yeah, its ok. what would you suggest? if you could come and unlock the door, it would be great, but i can walk around the city as well.
Bart: of course I will open it for you. I can work in the morning from home. No problem. So we see each other tomorrow?
Pat: Thank you so much! haha
Bart: Are you a painter?
Pat: I hope I will eventually get in that train. Nope.
Bart: I thought you were.
Pat: this project is a stage project :)
Bart: Ah alright, youll tell all about it tomorrow :))
Pat: OK,, later",Pat will arrive at around 9 pm. Bart will open the door and work in the morning from home. ,Pat didn't catch the train because he had another project to finish. Bart will open the door for him tomorrow morning.
"Hannah: Hey, do you have Betty's number?
Amanda: Lemme check
Hannah: <file_gif>
Amanda: Sorry, can't find it.
Amanda: Ask Larry
Amanda: He called her last time we were at the park together
Hannah: I don't know him well
Hannah: <file_gif>
Amanda: Don't be shy, he's very nice
Hannah: If you say so..
Hannah: I'd rather you texted him
Amanda: Just text him 🙂
Hannah: Urgh.. Alright
Hannah: Bye
Amanda: Bye bye",Hannah needs Betty's number but Amanda doesn't have it. She needs to contact Larry.,Hannah can't find Betty's number. She called Larry last time they were at the park together.
"Ronald: How's your weekend?
Julia: Fine I guess...
Ronald: Doesn't sound like you're enjoying it
Julia: Ehh. My parents are having a fight over where should we eat
Julia: And honestly I don't event want to eat with them anymore
Ronald: I'm sorry
Julia: Yup. Me too.
Ronald: Call me when you get back.
Ronald: I've got something to tell you, and I'm sure you're gonna piss rainbows
Julia: Hahaha. I can see the giraffe from Skittles comercial :D
Ronald: Sth like that",Julia will call Ronald when she gets back. He has something to tell her.,Julia's parents are having a fight over where to eat. She doesn't want to eat with them anymore.
"Steve: hiya the dishwasher has turned up
Mum: good did they install it for you
Steve: yes they did a good job
Steve: <file_photo>
Mum: looks really nice
Steve: yes it does its nice and quiet
Mum: is it a 12 place setting one?
Steve: I think so, not that I ever have 12 for dinner lol
Mum: not but you dont have to put it on every day
Steve: no every other
Mum: yes I'm glad you are pleased with it xx
Steve: I am thanks mum xxx",Steve is happy that he got a new dishwasher installed.,Steve's dishwasher has turned up. Mum is pleased with the dishwasher.
"Bella: It's valentine's day!😁😁😁
Aria: For somebody without bf today is kinda miserable day.....😢😢
Bella: There are a lot of vendors selling roses on the street here.
Bella: <file_photo>
Aria: <file_gif> 
Bella: hahahahahahaha!! That looks SO SAD! :'‑(:'‑(:'‑(
Aria: I feel like the weather is colder than it really is. How's the weather there?
Bella: Here? it's 3 degree today. Wow! Even coffee shops are all decorated with all the heart-shaped balloons.
Bella: <file_photo>
Aria: Here everywhere just chocolate. :‑/ :‑/Of course it isn't related to me at all. :‑/:‑/
Bella: Only shops seems to get money.
Aria: What's your plan?
Bella: Maybe I will order some pizza home. (Sounds not that fun. right?) When will you come to Warsaw?
Aria: As soon as I quit, I will fly to you.😑😑 For now what I only hope is to leave work at 6. :‑|:‑|:‑|:‑|
Bella: This year I will probably go to Korea to get regular checkup. 
Aria: Good. Take care there.
Bella: Make bf asap and visit us together.😝😝😝 You too!
Aria: I gotta go. Ttyl",It's Valentine's day. Bella plans to order some pizza home. Aria will come to Warsaw as soon as she quits. This year Bella will probably go to Korea to get regular checkup. ,Bella and Aria are going to Warsaw for Valentine's Day.
"Mario: i heard u were out
Conor: yes
Mario: who with
Conor: some friends from college
Mario: can u bring me something to eat
Conor: -_- .. i knew u wouldnt text without a reason
Mario: xD
Conor: what do u want
Mario: a bucket of fries from kfc
Conor: u do know ur gonna pay for it urself
Mario: i know i know -_-
Conor: yeah okay, fine","Mario wants Conor to bring him a bucket of fries from KFC as the latter one is out, and Mario will pay for it himself. ",Conor will bring Mario a bucket of fries from kfc.
"Antonio: Is everything okay? You've been quiet lately
Alivia: Oh, hi, yeah, I've just been working on my thesis
Alivia: Or rather trying to work, it's not going too well
Antonio: Oh :( Problems finding research materials?
Alivia: Well
Alivia: That isn't really as big a problem, the worst part is actually sitting down and writing
Alivia: I find the topic interesting and all, I don't mind reading articles and books
Alivia: But when I'm supposed to write, it's like I blank out and can't type a single word w/o thinking I sound stupid...
Antonio: I know the feeling...
Antonio: You should probably stop thinking about it so seriously, just write and you can edit it later
Antonio: Once you get past the initial difficulty, it'll get better, at least that's what it was like for me
Alivia: I'd like to think so... Thanks... I'll try. And thanks for your concern <3",Alivia has been taciturn lately. She was trying to write her thesis. She can't focus on writing. She'll try to follow Antonio's advice to start writing without overthinking.,Alivia has been working on her thesis. She has problems finding research materials.
"Patricia: Hello, here's the fair-trade brand I've been talking about <file_other>
Elle: Oh, thanks!
Florence: Looks great!
Patricia: I'm glad, I hope you enjoy it. The quality's really great and knowing where it came from makes it easier to spend the extra dollar ;)
Elle: I'll look into it :)
Florence: Thx",Patricia is recommending a fair-trade brand to Elle and Florence.,Patricia has found a fair-trade brand she likes. Florence will look into it.
"Rob: I wanna start Get off the couch challenge! Who's with me? I'm gonna start with 30 min of activity every day.
Greg: way ahead of you mate! at least 60 min a day!
Rob: good for you! 30 min a day is gonna be challenging for me!
Greg: good luck then!
Will: don't be too hard on yourself. better to be realistic. fingers crossed!
Anna: i'm in! 30 min sounds reasonable! 
Greg: look for variety of exercises such as walking, biking, swimming whatever you enjoy!
Anna: i'm gonna need lots of support from you guys!",Rob wants to start doing 30 minutes of physical activity every day. Greg is already doing 60 minutes. Anna wants to start exercising just like Rob. ,Rob wants to start a Get off the couch challenge. Greg and Anna are in. Rob will start with 30 min of activity every day.
"Sharon: My mum knows
Ahmed: Aaaand?
Sharon: She’s angry, I’m grounded
Ahmed: For fuck’s sake you’re 19
Sharon: But I still live with my parents, let me remind you -_-
Ahmed: So move out
Sharon: It’s not that easy, hello
Ahmed: Move in with me, we would be together all the time :*
Sharon: I’d have to go to work, I’m still a student
Ahmed: Don’t worry, I’ll take care of you
Sharon: My parents will stop talking to me at all
Ahmed: So what
Sharon: I care about my parents, cmon!
Ahmed: But they’re stupid
Sharon: Don’t talk about them like that!! They’re just… old and manipulated
Ahmed: How can you manipulated into being an asshole -_-
Sharon: Ok, I know you fell hurt by their behavior but stop it
Ahmed: You don’t care about me
Sharon: I do! But my family is important to me, you should understand that
Ahmed: OK, whatever",Ahmed wants Sharon to move in with him but she's afraid of her parents' reaction. Ahmed is angry.,"Sharon's mum is angry, she's grounded and she's still a student. She's still living with her parents. Sharon's parents will stop talking to her at all."
"Miriam: heyo
Miriam: when do you get back?
Pegah: hey hey
Pegah: I'm in class till 15:00 and then I work from 17:00 till about 21:30
Pegah: so I'll be back at 22:00 D:
Miriam: oh damn
Miriam: that's late!
Pegah: I know :( but I need as many shifts as possible
Pegah: I'm gonna be a zombie all week :(
Miriam: ok, well I asked coz I invited a few people over
Miriam: and was hoping you would be there too
Pegah: awwww
Pegah: well I can have a cup of tea with you when i get back lol
Miriam: I'll save you some wine as well :) ",Pegah is in class till 15:00. She will work from 17:00 till around 21:30. She will be back at 22:00. Miriam invited people over and wants Pegah to come. Pegah will have a cup of tea with her when she gets back. Miriam will save Pegah some wine.,Pegah is in class till 15:00 and then he works from 17:00 till about 21:30. He will be back at 22:00.
"Karine: <file_video>
Jessie: That was us at kindergarten!
Karine: yes!! ",Jessie and Karine went together to the kindergarten.,Karine sent Jessie a video of them at kindergarten.
"Bennett: i'm in town!! let's meet!!!
Cynthia: YES! i'd love that
Bennett: our usual place?
Cynthia: no, actually, i'd like us to go to this new bistro i discovered
Bennett: i'm intrigued, what's so special about it?
Cynthia: it's super hipster, super cool
Cynthia: people bring their dogs and everything
Bennett: ok, as long as it's hygienic i'm fine
Cynthia: it's clean cool and their food is delicious
Bennett: ok, i can't wait",Cynthia and Bennett will go to a new bistro she discovered. ,Bennett and Cynthia will meet at a new bistro in town.
"Jess: Guys, last night I dreamt I was a lion tamer, does it mean I should go to Africa this summer? XD
Lynn: Or maybe you'll meet a handsome zookeeper? :D
Charlie: Or you'll get attacked by a stray cat?
Lynn: You've just spoiled all the fun! :P
Jess: Knowing my luck, Charlie might be the closest to the truth.
Charlie: Do you really believe that dreams can mean something?
Jess: No, of course not! I was just joking. It was such a surreal dream that I had to share it with you ;)
Lynn: Well...
Jess: Do you believe in dreams, Lynn?
Lynn: I'm not saying I believe, but I think that sometimes it is possible that our dreams are telling us something. Not like they can show us our future or anything like that, it's just that dreams reflect our subconsciousness, don't you think?
Jess: I guess? 
Charlie: I've read somewhere that when we see strangers in our dreams, in fact we must have seen them somewhere before. Our brain is not able to create such images on its own, it must have registered some random people's faces, and it uses them when we dream.
Jess: So you're telling me the circus owner from my dream can really be some gentleman who lives in my neighbourhood?
Charlie: Exactly! You don't even remember his face, but after you saw it just once, your brain keeps it somewhere in storage.
Lynn: WOW, it sounds really cool!",Jess dreamt she was a lion tamer. Lynn believes that dreams mean something. Charlie has read that strangers from our dreams are actually people who we've seen before.,Jess dreamt she was a lion tamer and wants to go to Africa this summer. Charlie believes in dreams.
"Rachel: So what time we’re going to the museum? 
Wai: I was thinking we could meet at 4 at the main entrance.
Rachel: Sounds good to me, any plans after that?
Wai: we’ll see, if anyone will be up to this, we can go to some bar.
Rachel: Great! I can’t wait to meet everyone!
Wai: Haha yes, you will love them!
Rachel: I’m kind of worried they won’t like me though ;[
Wai: Don’t worry, we always welcome new people to our team!
Rachel: Great! When will I get to know what I’m supposed to do?
Wai: Later, some people need to make decisions, we don’t know which project will be assigned to us as well.
Rachel: Wow, it’s really a big organization…
Wai: One of the biggest charity organizations in the world :p
Rachel: Well, I can’t wait to see everyone, see you!",Rachel and Wai will go to the museum together. They will go to a bar then. Rachel will meet Wai's friends for the first time.,Rachel and Wai are going to the museum at 4 at the main entrance. They will meet at some bar.
"Grace: The hand sanitizer by the restrooms is empty. Do we have a refill/
Mike: Yes, no problem. I'll get to it right away.
Grace: Thx.",Mike will refill the hand sanitizer on Grace's request.,Mike will get the hand sanitizer by the restrooms.
"James: Hey! I’ve been thinking about you ;) 
Hannah: Oh, that’s nice ;)
James: what are you up to?
Hannah: i'm about to sleep 
James: I miss u I was hoping to see you 
Hannah: have to get up early for work tomorrow
James: what about tomorrow? 
Hannah: to be honest i have plans for tomorrow evening
James: oh ok, what about Sat then?
Hannah: yeah, sure i’m available on sat
James: i’ll pick you up at 8?
Hannah: sounds good. See u then.",James misses Hannah. They agree for James to pick Hannah up on Saturday at 8.,Hannah has to get up early for work tomorrow. James will pick her up at 8.
"Callan: Something's wrong with my Samsung S8.
Wade: What, exactly?
Callan: All I get is a black screen.
Wade: Did you drop it or something?
Callan: I think I know, this has happened before.
Wade:  It did? What happened before?
Callan: It overheats and then it takes a while for it to restart again..
Wade: That sucks.. Be carefull with the battery, it can be dangerous.
Callan: It sure can, but I'm going to the store and let them see it. It's still under warranty.
Wade: Will you lose all your stuff?
Callan: No, I always back up my files.","Callan's Samsung S8 overheats, so he's going to the store to get it repaired.",Callan's Samsung S8 overheats and then it takes a while for it to restart again. He's going to the store and let them see it.
"Molly: guys, do you think it's a very bad idea to go to Sweden for a week in January?
Margaret: we bought some cheap tickets half a year ago and now we're hesitating
Peter: haha, no but it will be just dark and cold
Margaret: rainy?
Kai: possibly
Kai: but if you stay in Stockholm there are always nice things to do
Kai: museums, bars etc
Kai: not so much nature though
Kai: which is truly stunning around Stockholm
Margaret: yes, but it's January, one would have to go to Argentina to enjoy nature
Kai: exactly
Peter: visit the Vasa Museum, it's really fun
Molly: we will:) thanks ;)
Peter: enjoy!",Molly and Margaret are going to Sweden in January. Kai and Peter advise them to stay in Stockholm and visit Vasa Museum.,"Molly, Peter and Kai are planning to go to Sweden for a week in January. It's dark and cold. They will visit the Vasa Museum."
"Adrian: Did you get your grades yet?
Bart: Yeah. My whole semester is screwed up now.
Adrian: Wait whaaat? Why?
Bart: Well, I bombed my economy final and ended up with a bad score..
Adrian: Ouch. That must hurt :/ 
Bart: Well, it's my fault because I didn't study as much as I should have.
Adrian: Why don't you re-take the class next year?
Bart: That's what I plan on doing unless I keep screwing up. How did you do this semester?
Adrian: I didn't do that bad. I ended up with a reasonable grade.
Bart: Well someone did his homework :p
Adrian: I just pay attention during class, I don't study that much actually.
Bart: Classes are boring, can't pay attention for too long...
Adrian: Anyway, why didn't you study for the economy final? 
Bart: Let's just say I screwed up more than my econ class.
Adrian: What happened?
Bart: I started playing StarCraft and ended up wasting a lot of time.
Adrian: Oooohh I know that game but you better stop slacking off.
Bart: You're right. I'm not going to play games during school anymore.
Adrian: You can play them, just don't loose focus and study for the exams :p
Bart: Let's see how it goes xD",Bart didn't do well this semester because he didn't study much. He played a lot fo StarCraft. Adrian did well thanks to paying attention in class,Bart didn't get his grades yet. He didn't study as much as he should have. He will re-take the class next year.
"Jack: Kev, I need your help?
Kev: What's up, mate?
Jack: I can't get the application running.
Kev: Have you switched the computer on?
Jack: Very funny!!!!!!!!!!!!!
Kev: OK. Sorry. I can see it's serious.
Jack: Yeah, man. It is f**cking serious.
Kev: I'll be with you right now.
Jack: Thanks.",Jack needs Kev's help as he cannot get the application running. ,Jack can't get the application running. Kev will help him.
"Gina: Hey love, do you have a free usb by any chance?
Monica: Yes, I do :)
Gina: Can I come up to your office?
Monica: Of course, usb's ready
Monica: 2nd floor, room 112
Gina: Thanks!",Gina will come to room 112 on the 2nd floor to pick up Monica's usb. ,Gina will come to Monica's office to get a free usb.
"Whitney: What will be for dinner?
William: Spaghetti alla vongole
Whitney: What's this vongole? Never seen this word
William: It's in Italian
Whitney: What does it mean?
William: Clams, it's a kind of seashells, seafood
Whitney: Oho, ambitious, how are you going to do that?
William: First I will cook pasta
Whitney: quite obvious, this is spagghetti alla vontale
William: Alla vongole. Afterwards I make garlic golden, add wine and then clams
Whitney: Gonna get drunk :))
William: Very funny. I wait as clams open, and I'll add pasta
Whitney: Sounds delicious, I am mouth watering!","William is making spaghetti alla vongole for dinner. It's an Italian dish and it involves pasta, garlic, wine and clams.",William will cook spaghetti alla vongole for dinner.
"Rael: Gosh, I fucking hate my job!
Zach: Oops! Someone is in a mood...
Rael: I'm serious, I'm done. Those people are fucked up. I cannot stand it anymore.
Zach: Is it that bad?
Rael: Even worse...
Zach: What this time?
Rael: I don't even have time to eat my fucking lunch. It's not normal.
Zach: Did you talk to your manager?
Rael: Yeah, this retard doesn't get that we're humans not robots. I hate him.
Zach: You're gonna quit?
Rael: It's not that easy, I gotta find something. I don't want to leave without first finding a new job.
Zach: I see. Did you think about IT?
Rael: No, why?
Zach: Girl, it's the best place to work in! A lot of my friends started as software testers and they are really satisfied. Good money and no rat race.
Rael: Zach, are you crazy? I don't have technical studies.
Zach: You don't have to. If you have good analytical skills all you need is some online course - Udemy or something. People change their career after years of employment in totally different business. It's not that difficult, really. You should give it a try. Tech is our future.
Rael: Hmm... Maybe you're right. I'm still not sure what to do with my career, so... why not.
Zach: If you want, I can talk to my friends and they will give you some advice on how to start, what courses to choose and so on.
Rael: That would be great, thanks.
Zach: UW. In touch.",Rael finds the atmosphere at her workplace to be unbearable. Many people switch their career paths and move to the IT sector. Rael only needs good analytical skills and an on-line course to start work in IT.,Rael hates his job. He doesn't have time to eat his lunch. He wants to find a new job. Rael thinks about IT.
"Charlee: I'm in class. Theatre in Portuguese lol
Curtis: Realllly?
Charlee: Yes. One of my subjects at the university that I attend is portuguese theatre. We are preparing a performance
Curtis: What performance is this? Are you devising it?
Charlee: A polish one translated into portuguese
Curtis: Thats quite cool. Who is the writer?
Charlee: Mrożek",Charlee is attending Portuguese theater as a subject at university. He and other students are preparing a play by Mrożek translated into Portuguese.,Charlee is in class. She is preparing a performance in Portuguese. The writer is Mrożek.
"Bobby: U know what annoys me the most?
Mickey: Not being able to watch TV or listen to music without pesky interruptions?
Bobby: That too, but the thing that annoys me the most is pharmaceuticals, medicine and drugs.
Mickey: Y? Aren't they good 4 ur health?
Bobby: They may well be, but not for my wallet!
Mickey: What do u mean?
Bobby: I was watching a film last night and suddenly there's a bunch of commercial of different medical products and so on.
Mickey: And what of it?
Bobby: Imagine that pharmaceutical companies invent illnesses!
Mickey: What? Are u sure?
Bobby: No, I'm not, but in the commercial they mentioned a name of an illness I have never heard of.
Mickey: So what? There are many illnesses and diseases I've never heard of. 
Bobby: So I did some research. Turns out such a thing does not exist. No medical journal writes about it, no medical forum suggests caution.
Mickey: That doesn't mean it doesn't exist. 
Bobby: I even found a youtube video of a doctor explaining y it's not an illness. 
Mickey: All right, this is quite serious.
Bobby: So I put my mind to it and do u know what I came up with?
Mickey: What?
Bobby: That in this particular case they're selling mints as medical products!
Mickey: Srsly?!
Bobby: Absolutely!
Mickey: How long do u think they've been lying to us?
Bobby: Can't be sure, but probably 4ever. Imagine every illness, disease and so on. Where do these come from? Why do they spread so fast?
Mickey: That is kinda puzzling.
Bobby: Right?
Mickey: So why is no one doing anything about it?
Bobby: Do u know how much the pharmaceutical industry is worth today?
Mickey: No.
Bobby: At least $1.2 bln!
Mickey: Explains a lot.",Bobby's most annoyed by pharmaceutical companies. He believes they invent diseases to make money. He discovered that one company is selling mints as medicine for an illness that doesn't exist.,"Bobby is annoyed by pharmaceuticals, medicine and drugs. He found a youtube video of a doctor explaining that it's not an illness."
"Luke: Hey sis, send me the pic of the parrot you painted yesterday?
Gina: <file_photo>
Gina: If you want better quality I need to send you PDF file.
Luke: It's ok. This parrot looks fantastic!!! I can't believe you've discovered your talent so late!
Gina: Haha thanks? <file_other> Catch a PDF.
Luke: Thanks!",Luke is amazed by Gina's talent for painting. Gina sent Luke a PDF file with a picture of the parrot she painted yesterday.,Luke sent Gina a photo of the parrot he painted yesterday. Gina will send him a PDF file. 
"Sam: hi, i need a help
Sarah fashion: hello how can i help?
Sam: Actually i was looking for a nice black dress for my wife, i mean i dont want the in-store product..
Sarah fashion: Yes sir, we make dresses on order as per customer requirements.
Sam: yeah i saw that option on the web page, actually its a surprise gift for her, but i have no idea what should be the requirements of the dress.
Sarah fashion: oh in that case why dont you choose something ready made sir
Sam: Actually i want something different for her something she has not seen before
Sarah fashion: that nice, do you have any sketch in your mind it would be easier to help 
Sam: yes that it should be a dress, black in color decent and elegant, and.... thats it :(
Sarah fashion: :) dont worry Sir we will try to help you as much as we can but you have to choose between the choices we give you
Sam: Sure.
Sarah fashion: Would you mind coming to the store? or you want to place order here only?
Sam: i was wondering if i could get help and decide i would place order right here...
Sarah fashion: Sure sir i am sending you few pictures you can mix and match the designs and that way we would be able to create a new design?
Sam: that sounds like a good idea..
Sarah fashion: <file_photo><file_photo><file_photo><file_photo><file_photo><file_photo><file_photo><file_photo>
Sam: wow! they are all so good but they are available for every one right?
Sarah fashion: yes sir!
Sam: ok so i want the cut that is in <file_photo> sleeves like this<file_photo> length and buttons <file_photo>
Sarah fashion: Nice choice sir, your product number is 898998 now you can order on the website with this product number and the same procedure would be applied to your order.
Sam: Thank you so much, i didnt know it was so easy.
Sarah fashion:  Your welcome sir, We are glad your liked the service and we hope you like the dress too. 
Sam: :)",Sam wants to buy a custom dress as a surprise for his wife. It should be black and elegant. The store employee sent him some pictures for reference. Sam decided on the features he likes. His product number is 898998 and he will place the order on the company's website.,Sam is looking for a black dress for his wife. Sarah fashion will help him with the design.
"Holt: ladies, an important question. what to get my sis for bday?
Darla: how old?
Holt: 21
Olive: can't be too personal
Treena: cosmetics maybe?
Zula: i'd get her DVDs or book series. always works
Holt: you might be right. set of DVDs and some cosmetics?
Olive: we'd all be happy i guess if you know what she likes","Holt asks his girlfriends some advice on a present for his sister on her 21st birthday. Treena recommends cosmetics, whereas Zula suggests DVDs or book series. ",Holt wants to buy his sister a set of DVDs and some cosmetics for her birthday.
"Maria: Hi Spence, life treating you well?
Spencer: Can't complain love, lots of commissions coming in and all that!
Maria: Getting your name out there! Saw some of your new stuff on Instagram, liked it!
Spencer: Yeah, thanks love! How's the call centre?
Maria: Same old, same old. Can't wait to go part time next year, really want to get on with some freelancing.
Spencer: Yeah, pity they won't allow it for a year. I'm on 16 fixed hours at the cafe which suits me great. I've then got the rest of the week to work on my illustrations.
Maria: How do you get new clients, Spence? I really need to pick your brains sometimes!
Spencer: Well, some of them saw my printing in the shops I sell to and contacted me directly, then there's the agency and my social media stuff. I probably get around £1000  of work a month now, before commission and tax.
Maria: Well that's just about liveable with the cafe wage, I imagine.
Spencer: Yes, it's tight, but I am very frugal. Still have a hefty chunk going out on rent and bills.
Maria: Hmm, I'll have to budget carefully when I do it.
Spencer: Yes, but it's well worth it. I LOVE the work so much!
Maria: Well, your passion is obvious! Your stuff is amazing!
Spencer: Well, so was yours in Uni. Don't let your talent go to waste!
Maria: You've inspired me, Spence. See you soon, hopefully!
Spencer: See ya!",Maria wants to work as a freelancer. Spencer is an artist. The agency and social media help him to get new clients. He earns around £1000 a month. Spencer encourages Maria to develop her talent and to try freelancing.,Spencer is on 16 fixed hours at the cafe. He has a lot of commissions coming in and he works on his illustrations. Maria wants to get on with some freelancing next year.
"Jay: Bro. Have you heard that diamond is in Kenya? 
Joe: Yeah man. I know what you are thinking
Jay: 😂😂  
Joe: Bro. I dont have some cash to buy some tickets for the event.
Jay: Come on! Stop worrying about cash.
Jay: I will lend you then you can refund later.
Joe: Okay.
Jay: And guess what?
Joe: What
Jay: I have convinced Ruth and Paulette to accompany us
Joe: Really?
Jay: Do i look like i am joking😏😏
Joe: It's game on bro!!!!!!
Jay: Yeah. You know me.
Jay: But it is time you start paying me.
Jay: I can't be hooking up you with new girls every time we have a concert.😂
Joe: 😂😂 cut the crap
Joe: Just wait next time. I'll be the one doing the connections.
Jay: Okay. Can't wait.",Jay will lend Joe money for the ticket for the event. Ruth and Paulette will accompany them.,Jay will lend Joe some tickets for the concert in Kenya.
"Tom: Who's around?
Jack: Your dick!
Tom: Go fuck yourself Jack
Robert: I'm not in town, sorry mate!",Robert is out of town.,Robert is not in town.
"Nova: Do know that people are photoshoping Timothée Chalamet into artworks? :D
Nova: It's hilarious, check it out: <file_other>
Dominic: lol XD
Dominic: it kinda looks good
Nova: Right? :D
Dominic: he looks like a typical young man from a 19th-century portrait
Nova: omg you're so right! :D he looks as if he read Rimbaud's poems and drank absinthe on a daily basis
Dominic: hahaha XD it's so accurate",People are photoshopping Timothée Chalamet into artworks. Dominic and Nova agree that he looks like a 19th century man.,Nova sends Dominic a photo of Timothée Chalamet.
"Tanya: are you better today?
Rosie: better, but not good
Tanya: it's great to hear that
Tanya: i was worried","Rosie is better, but still not well.",Rosie is better today.
"Kyle: yo yo, call me plz when you have a minute to spare
Kyle: gotta tell ya sth
Lily: 10 mins tops
Mary: facetime?
Kyle: yeah alright",Mary and Lily will call Kyle on facetime.,Kyle will call Lily in 10 minutes.
"Serena: Have you been to the doctor lately?
Jeff: No, why?
Serena: Just wondering what he says about your skin condition?
Jeff: It's fine right now. 
Serena: That's good!
Jeff: The cold weather sets it off and if I eat too much of the wrong foods, but otherwise fine.
Serena: So you don't have to be on meds?
Jeff: Not all the time. Why?
Serena: Tina has the same thing and takes meds on the daily.
Jeff: She must have a different kind than me or a worse kind.
Serena: I guess so.
Jeff: It sucks, but it doesn't have to be every day.
Serena: That's good. I'll tell her. That will cheer her up!
Jeff: Good! Tell her to hang in there. She can call me if she has any questions.
Serena: Thanks!",Serena's skin condition is fine now and she doesn't have to take medication. Tina has a similar condition but takes medication on a daily basis. Tina can call Serena if she has questions. ,Jeff has been to the doctor lately because of his skin condition. Serena will tell Tina about it.
"Aubrianna: My friend's dad died because of malaria in kongo
Darien: It's dangerous for all people not just whites
Aubrianna: So read about this",Dad of Aubrianna's friend died of malaria in Kongo.,Aubrianna's friend's dad died because of malaria in kongo. Darien and Darien also read about this.
"Will: I hate ques.
Will: I'm standing in a line longer than the post office itself.
Will: In order to just send a damn letter in XXI century.
Will: Damn
Chris: What a time to be alive :D
Chris: Lines are the part of everday life of any person living in a big city.
Chris: There is nothing special in it, but I hope you'll think twice next time you decide to send a traditional letter.
Will: The best think about my XXI century comment is that the line consists almost entirely of elderly people who don't have bank account and pay their bills via post office paying cash. 
Will: Where is digitalisation when you need it?
Chris: Haha. Hang on there. ","Will had to stand long in a queue at the post. Chris believe it is part of life in a big city. Will believes it is because of old people, who do not use the internet.",Will is standing in a line longer than the post office itself. 
"Iris: <file_other>
Iris: My husband is famous!!!
Pete: Oh come on! I've got this 1 interview and it really doesn't make me famous...
Iris: Haha. You don't even realize what this ""1 inteview"" means for my parents.
Iris: They're just like: ""We're glad that you found yourself a decent man""
Pete: Hahaha. I'm flattered :) I'll be home in 1 hour. ",Pete has got an interview. His wife Iris is happy because her parents are glad she found a decent man. She is joking he is famous.,Iris's husband is famous. She has 1 interview. She will be home in 1 hour.
"Jen: I think I'm through with the dickhead. He's being a pain again. I'm going to tell him to move out.
Jane: Did he at least give you back the money he owes you?
Jen: No. He's freeloading and said he has no intention of giving back my money because I don't deserve it with the way I act.
Jane: He has a nerve doesn't he? How dare he?!!!
Jen: I've learnt to hate him with a passion. He's like vermin that you can't cull.
Jen: Abusive, nasty, annoying, irresponsible. He disgusts me.
Jane: Get rid of him! I told you right from the beginning that he's no good.
Jen: Yeah you were absolutely right.. as always.
Jane: I hate to say it but I can smell a fucktard a mile away.
Jen: I seem to pick them, don't I?
Jen: Sometimes I think it is my fault. If only I could be a better person, if only, if only....
Jane: You know that way of thinking will get you nowhere fast. It's self defeating. That's what the abusers want you think that you're bad and you deserve every bit of abuse that they dish out.
Jen: What if he doesn't leave? I'm afraid of asking him to leave 'cause it will only cause another fight.
Jane: You can't spend your whole life walking on eggshells.
Jen: Yeah, you're right... but how do I get out of this mess?
Jane: I think you've got to cut your losses and just move on.
Jen: Easier said than done.
Jane: I know. You've gotta do it Hon. If you don't things will only get worse. Think of how much worse they've already got since you met him.
Jen: Yeah you're right. Sometimes I just don't have the strength. 
Jane: I believe in you. Please do it! Remember I'm always there for you.",Jen is about to break up with her boyfriend. Jane knew from the beginning that they were not a good match. Jane is going to support Jen.,Jen is going to tell him to move out. She is afraid of asking him to leave.
"Harry: Where are you? i am outside
Ema: coming just 2 mins...
Harry: You told me you were ready.. you know movie has already started
Ema: i am sorry give me 5 minss
Harry: Damn! take foreverrr","Harry waits outside. The movie has already started but Ema needs another 5 minutes, which made Harry angry.",Ema is coming in 2 minutes. Harry will wait for her.
"James: I am driving there, need a ride?
Richard: That's perfect, thanks, what time should I be ready?
James: 6:15?
Richard: I'll be waiting!",James will pick up Richard at 6:15.,Richard will be ready at 6:15.
"Sally: Hi guys have you heard about Natalie?
Tom: No. What about her?
Jane: You're such a gossip girl, Sally!
Sally: Come on! I'm sure you're all curious.
Tom: I am. 
Sally: Relax Jane, what's your problem?!
Jane: She told us in confidence, I don't think we should share it with others.
Greg: Now I'm also curious
Henriette: Tell us! 
Henriette: Is she pregnant? 
Sally: 💣💣💣
Sally: Guess who's the father!!!
Henriette: I knew it!
Henriette: Is it Mike?
Sally: Dave!!! 
Henriette: WHAT????
Greg: That's insane! ",Natalie is pregnant with Dave. Jane didn't think Sally should share it with others as Natalie told them that in confidence. Henriette and Greg are surprised that the father is Dave not Mike.,"Sally, Tom, Henriette and Greg are curious about Natalie's pregnancy."
"Biwott: Did you watch the series I told you
Chloe: No not yet.
Chloe: I have been busy this week but I will watch it during the weekend
Biwott: 👍",Chloe will watch the serious recommended by Biwott at the weekend.,Chloe has been busy this week but she will watch the series during the weekend.
"Marek: bro, check this out
Marek: <file_picture>
Adam: whoa, that's some fine piece of ass
Adam: where did you find it? 
Marek: that's the best part
Marek: I didn't find it
Marek: I made it in she shopping mall, on the escalator!
Adam: ? what?
Marek: pretty cool, isn't it
Adam: dude, that's creppy
Adam: one thing is to send me pic of nice ass, it's always appreciated
Adam: but another is to walk around and take pictures on your own
Adam: like some creep
Adam: think about it, she might have been someone's sister or daughter
Marek: dude
Marek: this is some guy's ass
Marek: I'm a gay, remember?
Adam: shit","Marek sent Adam a photo of man's bottom. Marek made this photo in the shopping mall, on the escalator. ",Marek sent Adam a picture of his ass on the escalator.
"Mell: Hi there! How are you doing?
Gloria: Hi Mell! We are fine, just the daily grind ;) And yourselves?
Mell: Not much happening either. An odd phone call with the kids. Or Tad's sister:(( Not much otherwise.
Gloria: Yeah... Life has become so quite since the kids are out of the house. We had more to get used to it. But it must hard for you. Especially you I mean.
Mell: I don't know. Sometimes I even forget that I should be missing them. In a way I do like this peace and quiet now.
Gloria: Small wonder. You had a hell of a time with them just before they went to college. I'd say you need to recover now.
Mell: I guess you're right. But maybe I should feel guilty or something?
Gloria: Don't be silly! You are a fantastic mom.
Mell: Thanks Gloria.
Gloria: Anyway I'm happy to hear from you again. We should really have a nice do again.
Mell: YES! Splendid!
Gloria: The weather is just brilliant, perfect for a BBQ. What do you think?
Mell: I'm all for it. At my place? I'd love it.
Gloria: Can't be better. I love your garden.
Mell: We're thinking about extending the terrace. I must show you my drawings, just a few ideas. It would be great to hear your opinion.
Gloria: I'd love to. But you know how little I know about garden design, or however you call it.
Mell: We'll have a look at them. Now the BBQ. At the weekend I suppose?
Gloria: Let me check the calendar. Here's our family planner. A horrible name, isn't it? So this weekend suits us fine. At the next one, on Saturday, Mark has penciled something in but I can't read it. So what about this Saturday?
Mell: Perfect. At least we know the weather holds. Shall I do the food and you the drinks?
Gloria: And I'll get us some dessert as well. 
Mell: Very good indeed. It's always so easy going with you.
Gloria: Ta! You were thinking about Tad's sister?
Mell: I'm afraid so. I'm so happy she moved up to Scotland and I don't have to put up with her trying to run my household. Tad feels relieved too.
Gloria: Good riddance! I could really never warm up to her.
Mell: Nobody can! Anyway she's gone and we're going to have a fantastic barbecue. Without her.
Gloria: Yes, we are. Oh I'm so happy you've phoned!
Mell: Looking forward to our BBQ on Saturday!
Gloria: So long!","Gloria and Mell plan to have a barbeque at Mell's place on Saturday. They are happy, because Tad's sister moved to Scotland. Mell needs Gloria's advice on garden design.",Gloria and Mell are busy with their kids. They will have a BBQ at Mell's place on Saturday.
"Carol: I got some more fruit from my garden you want some?
Jacob: Yess! always? but aren't you gonna eat it?
Carol: I have so much I don't know what to do with it
Jacob: make some preserves with it
Carol: ugh so don't have the time for that
Jacob: oh come on
Carol: really? thats your argument?
Jacob: well... come on
Carol: same argument ass
Jacob: you aren't one of those super busy people
Carol: ?
Jacob: you know... a person that does everything, goes to every new place
Carol: does everything? what hte hell are you on?
Jacob: fine nevermind, when can I come?
Carol: You can pick up the fruits Wednesday at 6pm
Jacob: ok",Carol will collect the excess fruit on Wednesday at 6 pm.,Carol got some fruit from her garden. Jacob will pick up the fruits Wednesday at 6 pm.
"Nate: They've just sent me an excel file with all the registrations
Julie: how are we doing??
Nate: overbooked!
Julie: no...
Nate: a little bit. I guess that's better than having half of the room empty
Julie: how many people for the first day dinner?
Nate: Let me check...
Julie: ok
Nate: shit this is the worst, the registrations are transformed into text in Excel
Julie: omg what registration system is that
Nate: shitty one
Julie: what should be do?
Nate: I have to create a new file and feed the data into the tables myself
Julie: the worst.",Nate and Julie are overbooked. Nate is having problems with the registration system so he has to deal with it himself.,Nate has just sent Julie an Excel file with all the registrations for the first day dinner.
"Mike: will call u back in 2 hrs, ok? 
Mike: can't talk right now, sry
Mike: *sorry
Dale: cool, no problem
Dale: until then",Mike will call Dale back in 2 hours.,Mike will call Dale in 2 hours.
"Eva: hi mom..  hows linta?  
Olivia: hi honey... she is good 
Eva: hope she is not bothering you?
Olivia: no dear we are enjoying each others company...
Eva: reallly i am so glad!
Olivia: yes my dear dont worry and enjoy your party...
Eva:  thank you mom.. i would be leaving in an hour 
Olivia: oh no take your time i am having fun with my grand daughter 
Eva: no mom i have to go home and every one would be leaving too.
Olivia: ok then leave her with me for a day i will drop her tomorrow
Eva: no mom Jones loves Linta he wont be able to sleep without playing with out her 
Olivia: awww ok :( i will keep her ready and her bag too .. do u want me to make a bottle of milk also
Eva: yes mom please
Olivia: ok darling
Eva: love you mom :kisses:","Eva is at a party, while Olivia is taking care of her daughter, Linta. Eva will leave soon and pick Linta up.",Olivia is having a party with her grand daughter. Eva will drop Linta off at her mom's in an hour.
"Paul: What color flowers should I get
Cindy: any just not yellow
Paul: ok, pink?
Cindy: no maybe red
Paul: just tell me what color and what type ok?
Cindy: ugh, red roses! ",Paul will buy red roses following Cindy's advice.,Paul will tell Cindy what color flowers she should get.
"Cathy: Just realized I left my sunglasses at yours
Broke: Yes, they are waiting for you to pick them up
Cathy: Might come round at 10 tonight if that's alright
Broke: Yeah okay, see ya",Cathy will pick up her glasses tonight at 10.,Cathy left her sunglasses at Broke's. He will come round at 10 tonight to pick them up.
"Allison: Hey girls! 
Maya: hey!
Sarah:  hey, why you so cheerful?
Allison: Guess what!
Allison: I've got a scholarship!
Maya: no way! you have made it!
Sarah: shut up!
Allison: yeee, and it is the highest posible rank i could get
Maya: we so proud, when do we celebrate!?
Sarah: <file_gif> 
Allison: Whenever you want! thank you <3",Allison has got a scholarship.,Allison has got a scholarship.
"Martha: Hey, can I ask you a question?
Ophelia: Do we know each other?
Martha: We don't, but do you mind if I ask you about the lenses from your profile picture? they are awesome and I would like to buy the similar ones
Ophelia: it's from Crazy Lenses. They have quite reasonable prices and very fast shipping.
Martha: Thanks!!! I'll check them :)
Ophelia: No problem :)",Martha likes Ophelia's lenses and wants to buy similar ones. Ophelia got them from Crazy Lenses.,Martha wants to buy Crazy Lenses lenses from her profile picture.
"Alex: Were you able to attend Friday night's basketball game?
Benjamin: I was unable to make it.
Alex: You should have been there. It was intense.
Benjamin: Is that right. Who ended up winning?
Alex: Our team was victorious.
Benjamin: I wish I was free that night. I'm kind of mad that I didn't go.
Alex: It was a great game. Everything alright tough?
Benjamin: Yeah man thanks for asking, it's just that my mom is sick and I am taking care of her.
Alex: Oh sorry to hear that. Hope she makes a fast recovery 💪
Benjamin: She will, she just has a nasty flu but she will be alright :D
Alex: Glad to hear that!
Benjamin: What was the score at the end of the game?
Alex: Our team won 101-98.
Benjamin: Sounds like it was a close game then.
Alex: That's the reason it was such a great game.
Benjamin: I'll go to the next one for sure.
Alex: It's next weekend so you better put on your calendar ahaha
Benjamin: ahaha I will I will. Talk to you later!
Alex: Alright! Tell your mom I hope she gets better quickly.",Benjamin didn't come to see a basketball game on Friday's night. The team supported by Alex won 101-98. Benjamin's mom has a flu and he's looking after her. Benjamin declares to attend the next basketball match.,Benjamin was unable to attend Friday night's basketball game because his mom is sick. Benjamin will go to the next game next weekend.
"Luke: are you still looking for someone to join netflix family?
Paul: yes, 1 person :)
Luke: i am the one!
Paul: sure, i will send you the login and password on sunday
Luke: ok we can talk tomorrow
Paul: i don't really remember it now
Luke: send me also the bank account details so I can wire you the money every month. Are you paying for this or someone else?
Paul: I do, and I keep track of everyone accessing so you should not expect any bans :D
Luke: easy mate :D you still on holidays with your girl?
Paul: last dinner :( tomorrow we are out
Luke: how long have you been there?
Paul: less than 8 days :/",Paul is going to share his Netflix account with Luke. In exchange Luke is going to contribute to the subscription. Paul will send Luke his bank details. Paul is on vacation with his girlfriend till tomorrow.,Paul is looking for someone to join his netflix family. Luke will send Paul the login and password on sunday.
"Olafur: are we doing anything for New Year's Eve?
Nathalie: I was thinking about something classy, like opera or sth like that
Zoe: how much does it cost?
Olafur: opera is not for me
Nathalie: so what do you propose?
Nathalie: it's 100$ 
Olafur: I was thinking about partying somewhere
Nathalie: partying sounds fun, as long as it will be classy
Zoe: <file_link>
Zoe: Breakfast at Tiffany's party sounds classy
Olafur: <file_link> 
Olafur: is it classy enough?
Nathalie: :O
Nathalie: this club is AMAZING
Zoe: whoa
Nathalie: we'll going to Soho then
Olafur: we just need to hurry up and buy some tickets soon
Zoe: sure","Nathalie, Olafur and Zoe are planning the New Year's Eve. Nathalie wants something classy. Olafur doesn't like opera. They want to go to the Breakfast at Tiffany's party in Soho.","Olafur, Nathalie and Zoe are going to Soho for New Year's Eve. They will go to Tiffany's party."
"Max: Know any good sites to buy clothes from?
Payton: Sure :) <file_other> <file_other> <file_other> <file_other> <file_other> <file_other> <file_other>
Max: That's a lot of them!
Payton: Yeah, but they have different things so I usually buy things from 2 or 3 of them.
Max: I'll check them out. Thanks. 
Payton: No problem :)
Max: How about u?
Payton: What about me?
Max: Do u like shopping?
Payton: Yes and no.
Max: How come?
Payton: I like browsing, trying on, looking in the mirror and seeing how I look, but not always buying.
Max: Y not?
Payton: Isn't it obvious? ;)
Max: Sry ;)
Payton: If I bought everything I liked, I'd have nothing left to live on ;)
Max: Same here, but probably different category ;)
Payton: Lol
Max: So what do u usually buy?
Payton: Well, I have 2 things I must struggle to resist!
Max: Which are?
Payton: Clothes, ofc ;)
Max: Right. And the second one?
Payton: Books. I absolutely love reading!
Max: Gr8! What books do u read?
Payton: Everything I can get my hands on :)
Max: Srsly?
Payton: Yup :)",Payton provides Max with websites selling clothes. Payton likes browsing and trying on the clothes but not necessarily buying them. Payton usually buys clothes and books as he loves reading.,"Payton likes browsing, looking in the mirror and seeing how he looks. He usually buys clothes from 2 or 3 of them."
"Val: it's raining!
Candy: I know, just started...
Val: r we going? we will be wet
Candy: maybe wait a little? see if stops
Val: ok. let's wait half h and than see
Candy: god idea, I call u then
Val: great :)","It's raining, so Val and Candy will wait half an hour before they go.",It's raining. Candy and Val are going to wait for it to stop.
"Tiffany: buy me a burger on your way home
Railey: ok
Tiffany: thx, sis :)",Railey will buy Tiffany a burger.,Railey will buy a burger on Tiffany's way home.
"Andy: Hi nephew!
Paul: Hi uncle!
Andy: Are you home? I'm nearby and thought I would drink coffee with you :)
Paul: Yup. I'm home. Feel free to come!
Andy: If that is ok I will visit you in about 1 hour. 
Paul: Sure. A lot of political cases for us to talk about :D
Andy: Haha. No.
Andy: Too much politics with Hannah's father.
Andy: I have enough arguments over politics forever.
Paul: Hahah. Ok. Waiting for you then.
Andy: See you.",Andy is going to visit Paul in about 1 hour.,Andy will drink coffee with Paul in about 1 hour.
"Tim: Hey, you have a few minutes?
Joe: Sure, what's up?
Tim: I'm thinking about inviting a few people from work over and I kinda thought that maybe some boardgames would be a cool idea.
Tim: And I wanted to consult the expert on the matter :)
Joe: As you know I'm always happy to share my expertise with anyone willing to listen. You will just need to stop me when I get too wound up :D
Tim: Haha :) Ok, So I know you ran the local club - any tips how to organize a newbie gaming evening? And what games to bring?
Joe: yeah, sure - just a few general tips :)
Joe: Start games before you start drinking :) And don't bring any game that is either over-complicated, requires too much time to explain, or god forbid encourages direct conflict - you know, the plotting-scheming stuff. So no Game of Thrones :)
Joe: Or alternatively you can chose some cooperative games - like Arkham Horror, Robinson Crusoe, Pandemic
Tim: Got it :D 
Joe: Also would be great to know what theme they all like - if there is one. And if not then there are some 'vanilla' games - like Codenames or Catan. Any idea what they might be into? 
Tim: Not really - there are some guys who I know like sci-fi and comic books, but no idea about the girls... 
Joe: The best way - just talk with them - might be surprised by their tastes and experiences. Maybe some of them are already into gaming? There are nerds in every walk of life :)
Tim: Yeah, I know, all too well :)
Tim: Anyway, thanks for the tips - co-op games sound like a good idea for a start.
Joe: yeah, and then if the idea sticks you can roll out the big guns :)
Tim: Will do that :)",Tim wants to organise a board games night for his colleagues. Joe has some good ideas and tips on where to start. ,Tim is thinking about inviting a few people from work over for a newbie gaming evening.
"Shelly: This year I'm volunteering at the food shelter!
Tracy: Good 4 u!
Jody: Gr8!
Shelly: How about u? Any volunteer work?
Tracy: Nah. Not into that.
Jody: Sure! Every year I do some charity 4 Xmas :)","Shelly is voluntering at a food shelter and asks if others do some volunteer work. Tracy is not into that, but Jody always does some charity for Christmas.",Shelly is volunteering at the food shelter this year. Tracy is Gr8 and Jody Gr8.
"Harry: Going to Ikea, need anything?
Sarah: Oh yes! :D
Harry: perfect XD
Sarah: So could you please buy for me: white table cloth 120 cm x 140 cm, as simple as it gets, two medium size wardrobe organisers (the ones with grey flowers), one wooden spatula and three bottle cleaners.
Sarah: If you happen to go the food section, I wouldn't mind a Daim's frozen cake and a bag of meatballs ;)
Harry: Ok, got it. Will do my best.
Sarah: You can use my Ikea Family card, just give them the number and my last name and tell them you forgot to bring it ;) 17927192.
Harry: Thanks! Stay online, I may need your help.
Harry: <file_photo>
Harry: Is this table cloth ok? Or that one?
Harry: <file_photo>
Sarah: First one's perfect ;)","Harry goes to Ikea. He will buy some furniture, frozen cake and a bag of meatballs for Sarah. Harry will use Sarah’s Ikea Family card.","Harry is going to Ikea. He will buy a white table cloth 120 cm x 140 cm, two medium size wardrobe organisers (the ones with grey flowers), one wooden spatula and three bottle cleaners."
"Sean: Friendly reminder of trade deadline today. Let's get those last minute trade request sent.
Rick: So does John get Lamar Jackson or is he scrambling for another qb??
Sean: Nick needs to really think about rolling with Blake. John needs a QB!
John: I think I would have rights to Lamar but I think the consensus is that he's on waivers so he's open. I guess I'm just hoping RGIII and Brock play or just wait...
Rick: Crazy it happens though! he one thing in the chart that isn't addressed. We could vote and go from there. I just want you to lose a player and Nick not to get Lamar.
John: In 15 years I've never seen a ream trade a big time RB or WR  for a QB this late n the season do anything in the playoffs. That ends their season. Of course a one QB team isn't worth anything either. I have t take my chances.
Sean: Damned if you do, damned if you don't.
Rick: people's evidence #658 why the QB rule doesn't work.
John: I might have a way to drop the rule completely next year.
Sean: I guess we will have to talk about after the season.
Rick: Nobody liked my IR suggestion a couple of years ago. That solves a large percentage of the issue tho
Sean: 1 QB not 2 for a 14 league...
John: as I said, we can look at if after the season. I just wouldn't want to make it any easier. What has made the league so great its that it has been really difficult so far.",Sean reminds the guys about trade deadline today. Rick wants to vote. John will look at it after the season.,"Sean, Rick and John want to get the last minute trade request sent to John. John wants to get Lamar Jackson and Blake."
"Jim: Hello, welcome to the store, how can I help you
Finn: Hello could you help me track my shippment?
Jim: yes, can you please tell me your order number
Finn: It's 45678
Jim: Thank you, from what I can see your package has left the warehouse and will be delivered to you tommorrow",Jim tracks Finn's package number 45678 which will be delivered to him tomorrow. ,Finn's package has left the warehouse and will be delivered to Jim tomorrow.
"Patricia: Hey, could you give me a call in an hour or so, I can't talk now.
George: Yeah, of course.
Patricia: Thanks. ",Patricia cannot talk now. George will call her in about an hour.,George will call Patricia in an hour or so.
"Rory: Hey Mitch, how are you? I hope you're doing ok. We are thinking of signing up Bill for that International camp. Sammy will be going too. Do you think it would be possible for you to take Bill and Sammy if you go down?
Mitch: I'm doing well - pretty tired. Yes, I do think that's possible :)
Rory: Great, that would mean a lot to us. Thanks a lot. 
Mitch: That'd be wonderful! July, I'll be at a few camps ;)
Rory: Of course, we'll chip in for gas. Ok, no problem :)
Mitch: Thx, no worries. I hope you're all doing well. Time is flying by ;)
Rory: Ok, great. I know, it's crazy.
Rory: Do you know exactly which date you'll be leaving?
Mitch: Sunday, the 29th
Rory: Ok, cool. It's such a long drive.
Mitch: Yeah, around 1000 km, but I'll try to get there early Mon morning.
Rory: That's a pretty ambitious undertaking :)
Mitch: I have to, camp starts Mon 9.
Rory: Just be careful, and take lots of breaks, don't fall asleep at the wheel, etc.
Mitch: I'll have the boys to keep me awake, and lots of snacks :)
Rory: Ok. We will probably put Bill on a Flixbus, so he'll arrive around 10 am Sun
Mitch: Cool, just make sure he has his phone on him.
Rory: Ok, no problem. We'll give him your number, but most likely Joanna will be picking him up.
Mitch: Oh, ok. That makes things easier. I'll meet him after.
Rory: Great, thanks a lot for doing this, I don't know how else we would get him down to Croatia.
Mitch: No problem. Talk to you later.
Rory: Ok, bye.","Rory wants Mitch to take Bill and Sammy and they'll chip in for gas. Mitch will be leaving Sunday, the 29th to get there by 9 am on Monday. Bill will arrive around 10 am Sunday and Joanna will be picking him. Mitch will meet Bill after.","Rory and Mitch are thinking about signing up Bill and Sammy for the International camp. Mitch will drive to Croatia on Sunday, the 29th."
"Jenny: Are we going to that concert on Saturday
Jeremy: sure, it's the only opportunity to hear them
Joan: but we could start with a drink
Jenny: I don't know anything affordable nearby
Jeremy: and Barcelona?
Jenny: Where is it? 
Jeremy: 8th av
Jenny: perfect","Jenny, Jeremy and Joan are going to a concert on Saturday and agree to have a drink at Barcelona located at 8th avenue beforehand.",Jeremy and Joan are going to the concert on Saturday 8th of August.
"Ken: Fuck you, you pimp
Greg: What?
Ken: Fuck you man, I want my money back
Greg: Was your account hacked by some prankster?
Ken: No, I'm the prankster, just having a laugh at your expense
Greg: Well, fuck you too then XD",Ken is trying to play a prank on Greg.,Ken wants Greg's money back.
"John: wanna go see ""A Star is Born"" on Wed?
Joan: sorry can't
Joan: super busy 
Joan: don't have time for anything :( 
John: that's a shame
Joan: I'm free on Thursday
John: I could do Thursday
Joan: ok! so around 8pm?
John: sure sounds great
John: I'll see where it's palying and send you the details
Joan: ok great!","Joan and John are going to watch ""A Star is Born"" on Thursday around 8 p.m.","John and Joan are going to see ""A Star is Born"" at 8 pm on Thursday."
"Parker: yo do you know anything 'bout the arrowverse
Jason: yea
Parker: do you know its all connected to the DC Universe
Jason: that wasn't really hard to know Park
Parker: yea man i know, still..
Jason: you like the dc universe better than the marvel right?
Parker: obviously
Jason: yea me too
Parker: btw have you downloaded the latest episode of arrow season 7
Jason: its still downloading
Parker: text me when its done
Jason: dont come without a usb
Parker: yea i know -_-
Jason: cool",Parker and Jason both prefer DC Universe to Marvel. Jason is still downloading the latest episode of Arrow season 7. ,Parker has downloaded the latest episode of arrow season 7. Jason will text him when the episode is done.
"Peter: Need to talk to u...
Anna: Can't talk now, I'm still at work :/
Anna:  will call u in 20 min, ok?
Peter: ok.","Anna can't talk to Peter right now, she will call him in 20 minutes. ",Anna will call Peter in 20 minutes.
"Harry: heyyyy are you there??
Cindy: Yes dear what is it?
Harry: Can you call Ela and tell her i need to talk urgent please pick my call.
Cindy: what happened now? an other fight :O
Harry: please tell her
Cindy: MAN! you guys... am i some kind of a messenger service here?
Harry: PLEASEEEEEEEEE ?
Cindy: ok doing.... but thats the last time.
Harry: Yes like always:P
Cindy: Hate you seriously man.
Harry: Thank you
Cindy: Done you can call her now.",Ela is not taking Harry's phone calls. Cindy calls Ela at Harry's request.,Harry will call Ela and tell her about an other fight.
"Breonna: Melissa so are you ok with men acting like pigs and grabbing you whenever they feel like it?
Melissa: Of course not! 
Breonna: So why you’re saying this?
Melissa: No one is saying men should behave like animals. Its that kind of thinking that makes men afraid to just be masculine in general though. Not all men are pigs.
Hailey: Thank you! I had a friend get yelled at by a girl for 5 minutes because he held the door for her and said “Ladies first”.
Melissa: Poor him. 
Christine: Men aren't allowed to be men? how?
Hailey: Yeah, I felt sorry for him.
Holly: Melissa yes this!
Michelle: not one of those fruit loop ""feminists"" speak for me!!! In fact MOST women cant stand them. gtfoh with your pussy hats, your metoo crap, you ""screaming"" at Potus through your vaginas etc. Dont try to shove your thinking on everyone. how about HIMTOO!!! i LOVE OUR strong REAL MEN!!!! TOO BAD IF ANY OF THOSE CRAZY CAT LADIES DONT LIKE IT",Michelle is not in favor of contemporary feminism movement.,Melissa is not ok with men acting like pigs and grabbing women whenever they feel like it. Hailey had a friend get yelled at by a girl for 5 minutes because he held the door for her.
"Catherine: Hi Jake, last week I applied for an accounting position @ Pandora.
Jake: Hey Cathy! Really? That's great!
Catherine: R u still working there?
Jake: I sure am. It's already been 5 yrs.
Catherine: Time flies. So I take it ur satisfied?
Jake: I am, I rarely think about changing companies. 
Catherine: Does the company offer possibilities of personal development & promotion?
Catherine: I mean is there a clear career path?
Jake: Yup, that's the main pro of this place & the benefits.
Jake: I was promoted twice during these 5 yrs & the salary increase with each promotion is quite significant.
Catherine: That's good to hear. Most companies 2day are implementing cost saving policies & the employees are the ones who suffer.
Catherine: I mean at my current workplace u can only count on inflation salary increases. So u barely see the difference on ur paycheck.
Jake: That's what I hear from most of my friends. It's a tough time 4 employees on the market nowadays.
Jake: 4 now our company is still dynamically expanding. 
Catherine: And how about the benefits u mentioned?
Jake: The company partially finances language & accounting courses.
Jake: There's also a yearly bonus that depends on your achievements and private healthcare.
Catherine: That sounds like a dream :D Your HR dept. gave me a call yesterday and invited me to an interview on Monday.
Jake: That's great! I'll keep my fingers crossed :)
Catherine: Thanks Jake :) Is there anything I should prepare/review before the interview?
Jake: Well I think it would be beneficial to know some facts about the company.
Jake: You can find them on the official website, in the ""about us"" section:  <file_other> 
Catherine: OK, I'll definitely take a look.
Jake: And they may ask u some Qs about accounting principles, the basics. But I mean that won't be a problem 4 u.
Jake: I remember u graduated with honours from uni.
Catherine: That's true. :) I'm a bit nervous though.
Jake: There's no need to be. Give me a call after the interview. Good luck!
Catherine: Thanks. TTYS!",Catherine applied for an accounting position at Pandora. Jake has been working there for 5 years. This job offers a clear career path and benefits. Jake got promoted twice with salary increase. Catherine will have an interview on Monday.,Jake applied for an accounting position at Pandora. He was promoted twice during 5 years. The company finances language & accounting courses. There's also a yearly bonus that depends on your achievements and private healthcare. Jake graduated with honours from uni.
"Pete: What flavour yogurt did you want again? My brain is like a sieve today.
Jen: Pear but only if they've got it. Otherwise don't worry about it.
Pete: I'll have a look around. If they don't have pear can I get a different flavour?
Jen: I don't like any other flavour. If they don't have pear just don't get anything at all then.
Pete: OK.",Pete will get a pear yogurt for Jen if they have it.,Pete will have a look around for a different flavour yogurt. Jen doesn't like pear.
"Lincoln: I think I've broken your toilet seat. :(
Lincoln: I'm so sorry, I'll buy and install a new one.
Hudson: Can't it be fixed?
Hudson: Send me a pic.
Lincoln: <file_photo>
Hudson: Hmm, it seems like you've broken a hinge.
Hudson: I'll try to replace it with a new one and I'll let you know, if it works, ok?
Lincoln: Ok. I'm so sorry. :(
Lincoln: Are you mad at me?
Hudson: No, of course I'm not. You know: shit happens. ;) 
Lincoln: Then maybe at least I'll buy this new hinge?
Hudson: It literally costs pennies.
Hudson: Really, don't worry about this, it's not a big deal. ;)
Lincoln: :)",Lincoln has broken Hudson's toilet seat. Hudson will replace a hinge. Lincoln doesn't have to repay Hudson.,Lincoln broke his toilet seat. He will buy and install a new one.
"Paul: hey Matthew did you find anyone to couch the game Saturday?
Matthew: hey Paul, no still looking 
Paul: my plans changed so I can do it if you need 
Matthew: ahh yes that be great! thank you 
Paul: no problem see you Saturday ",Paul can couch the game on Saturday as Matthew hasn't found anyone to do that yet. ,Paul will couch the game Saturday.
"Maria: hey guys!
Maria: everything ready for the conference?
Kate: yes, almost
Tommy: I think we will have a good panel
Sam: I really hope there will be some people
Tommy: we should have good audience
Maria: Are you preparing a power point?
Tommy: I'll have a prezi
Maria: you're paying for it?
Tommy: it's good, worth the money
Maria: how much is it?
Tommy: I believe $10 a month for academics
Maria: not that bad","Maria, Kate, Tommy and Sam are going to a conference. Tommy will use Prezi instead of Power Point. He has a Prezi subscription for $10 a month.","Tommy, Kate and Sam are preparing a power point for the conference."
"Melody: did you get your computer fixed yet?
Peggy: no, im spending a lot of time using the library computers.
Melody: do they know whats wrong with it? 
Peggy: might be something with the circuit board. they hope to have an answer tomorrow
Melody: thats pretty serious. might be cheaper just to buy a new one
Peggy: thats true. well see.
Melody: if you need to get a new one, i highly recommend the mac model that i have
Peggy: ok, good to know. i'll write if i have any questions
Melody: youre probably due for a new one anyway, no?
Peggy: you're right. 5 years is a long time to own one.
Melody: yes, thats ancient by laptop standards
Peggy: ok. i might just not bother getting it repaired after all.
Melody: sounds like a good idea","Melody's 5-year-old laptop is broken. Tomorrow she'll know what's wrong. She won't be repairing it, because her laptop is too old. Instead, she'll buy a new one.",Peggy needs to get her computer fixed as she spends a lot of time using the library computers. They hope to have an answer tomorrow. 
"Marleen: Hello my dear, I'll be leaving in half an hour to go to town. If you have any idea for a present for Rita let me know.
Marleen: Text me here with your ideas for a present for her.
Barry: But I've got none! I leave the choice entirely to you.
Barry: I'm at home now.
Marleen: Am at Kaiser's. Lovely silk kerchiefs.  What do you think?
Barry: One can't have too many!
Marleen: But isn't it a bit too personal?
Barry: Not at all.
Marleen: <file_photo>
Marleen: Which?
Barry: The one with yellow pattern, definitely. She loves yellow.
Marleen: The most expensive of the five.
Barry: How much?
Marleen: 39
Barry: Oh come on. Not so bad.
Marleen: Shall we go 50/50?
Barry: OK","Marleen will be leaving in half an hour to go to town. She will get a present for Rita - silk kerchief with a yellow pattern from Kaiser's. It costs 39, and Barley will share the cost 50/50 with Marleen.",Marleen will be leaving in half an hour to go to town to buy silk kerchiefs for Rita.
"Joshua: Hi sister, when will you be arriving
Sarah: i will reach New York this coming Thursday.
Joshua: That's great. See you then.. I will be waiting for my gift
Sarah: yeah sure.. hahaha",Sarah will arrive to New York on Thursday. Joshua expects to get a gift.,Sarah will reach New York this coming Thursday. Joshua will be waiting for her gift.
"Salma: <file_video>
Salma: the latest cat meme
Hugh: oh sweet, I can never get enough of those lol
Hugh: <file_photo>
Salma: hahaha same",Salma and Hugh like cat memes.,Salma sends Hugh a video of a cat meme.
"Debbie: Help, I don't know which dress to buy! <file_photo> or <file_photo>?
Kelly: The red one! It's beautiful.
Denise: It is, but the green one will suit you better.
Kelly: Why? Debbie looks good in red.
Denise: She does, but in my opinion that dress would look better on someone taller. Deb needs a shorter one.
Kelly: Right, I haven't thought about it.
Debbie: So the green one?
Denise: Definitely!
Kelly: Yeah. But can you send me the link to the store? I'm considering buying the red one for myself :D
Debbie: LOL, okay. Here's the link: <file_other>",Debbie can't decide between buying a red dress and a green one. On Kelly and Denise's advice she will buy the green one. Kelly is considering buying the red one for herself.,Debbie wants to buy a red dress but Denise doesn't know which one to buy.
"Derek McCarthy: Filip - are you around? Would you have an Android cable I could borrow for an hour? I'm almost out of charge and I have a power pack  but forgot my cable😭
Tommy: I am in Poland but can ring my wife and she will give you one
Tommy: Do you want me to?
Tommy: 67 glenoaks close
Derek McCarthy: That would be great if you could!! Otherwise I'm sitting here in the dark for an hour <emoticon_smile>
Tommy: Put it in gps and start driving
Derek McCarthy: <emoticon_thumbup>
Tommy: She might be at work for next 15 min but will help you for sure
Derek McCarthy: Thanks a lot mate
Tommy: Sent her msg. She will give it to you. Approx time when she will be at home is 8:15 pm
Derek McCarthy: Thanks again!! What's your wife's name  again??
Tommy: Paulina",Derek McCarthy will pick up an Android cable from Tommy's wife at 8:15.,Derek McCarthy will lend Tommy his Android cable for an hour. Tommy is in Poland but forgot his power pack. Tommy's wife is at work for next 15 minutes.
"Ed: Sinners!! Sex is for married people
Valerie:  double sin if it’s anything but missionary style!
Chris: Then you go get married & leave us all alone
Lor: You better hope all non sin living is worth it or your consciousness after death is going to be butt hurt for eternity lol
Atnee: Ed, take it easy
Jessica: And the only purpose for sex is to make babies! !! That's it, hahaha 😂
Atnee: Lol
Ed: Valerie , triple sin if you enjoy it!
Jessica: And only for procreation. :-))) And not to be enjoyed. :-)))
Matt: Ed, Ok. See you in hell !! 😂
Ed: Matt , No you won’t. I don’t even look on the direction of another man","Ed, Valerie, Chris, Lor, Atnee, Jessica, Matt are laughing at the sinfulness of the sex without marriage.",Ed and Valerie are arguing about sex. 
"Mick: I didn't get the confirmation emai from AES yet
Barbara: I did
Mick: You did? 
Mick: I gotta call them
Barbara: Yes",Barbara got the confirmation email from AES. Mick did not get the email and will call them.,Mick didn't get the confirmation emai from AES yet.
"Rita: I need some info on you client.
Helen: Which one?
Rita: Salvage Industries.
Helen: Yeah? What do you need?
Rita: What's their major business.
Helen: They are into waste disposal.
Rita: I thought so.
Rita: You think they are legit.
Helen: What do you mean?!
Helen: Of course, they are legit.
Rita: Got a favor to ask. Can you double check if they have no PR problems?
Helen: I don't think so. But I'll check it for you.
Rita: You are a dear, Helen.
Helen: I sure am:)",Helen will do Rita a favour. She will do the research on Salvage Industries to find out if they have any pubic relations problems. ,Rita needs information on Salvage Industries' major business.
"Duncan: btw bro, all the best in this year's championship
Carl: thanks bro, hope my evo 10 wont let me down this year.
Duncan: relax, last year you were just unfortunate with the gearbox.
Carl: yeah, but this year im using a 6 speed hydrolic shift gearbox
Duncan: that will really service you, i know that
Carl: will you guys attend?
Duncan: we cant miss watching our youngest cousin sweep away the title
Carl: haha, stop exaggerating
Duncan: haha, i mean it, we cant miss it for the world!
Carl: thanks, ill have you reserved in the VIp
Duncan: cool
Carl: thanks
Duncan: go get them!
Carl: i will",Carl will compete in championship this year. Duncan can't miss this event. Carl will register his family members as VIP.,Carl has reserved a 6 speed hydrolic shift gearbox for this year's championship. Duncan and Carl will watch their youngest cousin sweep away the title.
"Euodia: What is tiktok?
Domigo: You don't know what it is?o_O!
Domigo: Shocking! o_O
Euodia: I have no idea but my friends were talking about that 😶😶😶
Euodia: And I felt a bit ashamed of not knowing what they all knoe about
Euodia: *Know
Domigo: That is hit application recently( ^^)
Domigo: You can take some videos for yourself and edit it with music and special effects as you wish( ^.^)( ^_^)
Domigo: And share it on YouTube or just with your friends
Euodia: Why do they do that?😕😕
Domigo: Cause it is new and interesting!(^0_0^)
Euodia: Omg I don't understand why I feel so old(;_:)(;_:)
Domigo: Come on people want something new all the time😁😁
Domigo: I also think tiktok will become less and less popular at some point but it's fun for now 😆😆
Domigo: Try it(^0_0^)","Euodia didn't know about TikTok application, so Domigo explained what it was.",Euodia doesn't know what tiktok is. Domigo thinks it's new and interesting.
"Jane: Are u free now? Could u help me with that thesis?
Ainsley: I'm sick won't be of much help sorry. I've got a cold and I'm sneezing like a little bitch every 2 seconds
Jane: Oh... hmm ok. Hope u will get better soon...","Ainsley is sick, so she's not able to help Jane with her thesis now.",Jane will help Ainsley with her thesis.
"Georgia: Hey girls
Georgia: What do you think
Georgia: <photo_file>
Roxana: Buy it!
Summer: You look great
Georgia: I like it
Georgia: But where will I wear it?
Summer: Parties ",Georgia sent a photo. Roxana and Summer advise Georgia to buy it.,Georgia and Roxana are going to parties.
"Sam: <file_gif>
Sam: Good afternoon, is this available?
Lia: Hi, how can I help you?
Sam: I'm interested in this product. Are the earphones available?
Lia: Yes, they are.
Sam: where can I collect them?
Lia: Well, you can have them delivered to you through courrier - this costs £4 (pay on delivery)
Lia: I'm afraid collecting them personally is a little difficult, as the product can only be collected in Garstang (where the company is located)
Sam: Okay.
Sam: Are they new? Do you have any other colors that white?
Lia: Completely new - we also offer grey and pink.
Sam: Then I would like the white ones please.
Lia: Okay, so I just need your address and telephone
Sam: The total costs £187 - can I lower the price to £180??
Lia: fraid not - company policy.
Sam: Oh, okay.
Sam: How long does it take for the product to arrive?
Lia: It generally arrives the next day, in rare instances it's longer.",Sam bought the earphones which cost him £187 along with delivery expenses. The order should be delivered the next day.,Lia will collect the earphones from Garstang. The total costs £187.
"Mike: Let's go for a beer
Tom: Now?
Mike: Yes
Ben: Ok","Mike, Tom and Ben will go for a beer.",Mike and Ben are going for a beer.
"Ann: hello Katie, thank you so much for hosting Tim monday evening and for dropping him at the railway station next morning. Here is mobile number... .I 'll confirm you , but again and in advance: thanks a lot
Katie: Hello Ann, i didn't realise but we spend a week end together 20 years ago in Saint Fargeau!!!
Ann: it goes back so long... but it's possible
Ann: It's true that i know Ben since school.
Katie: as far as i'm concern i remember very well this week end as i had a very good friends call Ann Cairns ( like you)😜, Erik's wife
Ann: Erik's wife? of course he's my cousin, and Ann his wife is the cousin of one of my best friend... Small word
Katie: indeed
Ann: Hi Katie, is it still ok for hosting my son tomorrow? You may send him a text to tell him where you want to pick him up. Thanks so much
Katie: Yes Ann, i'll send a text to your son for tomorrow.
Ann: Thanks. Funny you also know Stef and Leo, friends of us in Berlin. But it's true they lived in Reims before
Katie: your son is really nice. don't hesitate to contact me again if needed.","Ann thanks Katie for hosting her son Tim on Monday evening and driving him to the railway station next morning. Kate will send a message to Tim tomorrow, to ask about the place where she should be waiting for him.",Ann will pick Tim up at the railway station next morning.
"Aimee: Do you know where Maryam is?
Soren: Nope
Soren: You tried his number?
Aimee: Yes
Aimee: I even went to her home
Soren: She might have gone somewhere with his father
Aimee: Maybe",Aimee is looking for Maryam.,Maryam might have gone somewhere with her father.
"Deirdre: Hi Beth, how are you love?
Beth: Hi Auntie Deirdre, I'm been meaning to message you, had a favour to ask.
Deirdre: Wondered if you had any thought about your Mum's 40th, we've got to do something special!
Beth: How about a girls weekend, just mum, me, you and the girls, Kira will have to come back from Uni, of course.
Deirdre: Sounds fab! Get your thinking cap on, it's only in 6 weeks! Bet she's dreading it, I remember doing that!
Beth: Oh yeah, we had a surprise party for you, you nearly had a heart attack! 
Deirdre: Well, it was a lovely surprise! Gosh, thats nearly 4 years ago now, time flies! What was the favour, darling?
Beth: Oh, it was just that I fancied trying a bit of work experience in the salon, auntie.
Deirdre: Well, I am looking for Saturday girls, are you sure about it? you could do well in the exams and go on to college or 6th form.
Beth: I know, but it's not for me, auntie, I am doing all foundation papers and I'm struggling with those.
Deirdre: What about a tutor? Kira could help you in the hols.
Beth: Maybe, but I'd like to try working. I'm 16 soon, I'm old enough.
Deirdre: I know. Look, pop in tomorrow after school and we'll have a cuppa and a chat.
Beth: Yes, thanks auntie. I'd really like to try the beauty therapy side.
Deirdre: Its not for the squeamish, mind. Massage, pedicures, not to mention waxing!
Beth: Oh yes, I was chatting to a friend about it yesterday!
Deirdre: Maxine manages the beauty side, you can meet her tomorrow and we'll see how it goes.
Beth: Yes, I'd really like that. 
Deirdre: We can try a few hours on a Saturday for a couple of weeks as work experience. I'll give you a tenner or so per session to start off for your lunch, coffee and bus fare etc. If you like, we'll take it from there.
Beth: OK, I like the sound of it! See you tomorrow Auntie! Love you!
Deirdre: Bye, lovely girl! Xx",Beth wants to organize a girls weekend to celebrate her mother's 40th birthday. She also wants to work at Deidre's beauty salon. Deidre offers her a few hours on Saturdays as work experience. They set up for a meeting tomorrow.,"Deirdre is looking for Saturday girls for her Mum's 40th birthday party. Beth wants to try the beauty therapy side. Beth is 16 soon, she's old enough to work. Beth will meet Maxine tomorrow after school."
"Conny: Hello Mr. Fitz.
Fitz: Hello, Conny.
Fitz: What can I do for you?
Conny: It's about this paper you told me to write for next week.
Fitz: What about it?
Conny: I did some research. 
Conny: And frankly, I found pretty much nothing:(
Fitz: Where did you do your research, Conny?
Conny: Mostly internet, obviously.
Fitz: Obviously?
Conny: Sure, everything should be there.
Fitz: Didn't I suggest you go to library.
Conny: You did?
Fitz: Certainly. Try it. You might find it's fun.
Conny: Doubt it. But I'll go Mr. Fitz. Obviously.",Conny cannot find enough information online for his paper. Fitz suggests he tries the library. ,Conny did some research on internet. He found nothing. Fitz suggests Conny go to library.
"Hannah: HAPPY NEW YEAR!!! :))) 
Brooklyn: Same to you! Have you made any New Year's resolutions? ;>
Hannah: A whole list ^^
Hannah: New year, new me :D
Brooklyn: Really? :D So how you're going to change your life this year?
Hannah: First, I'm gonna lose weight and exercise everyday (or at least 3 times a week).
Hannah: Second, I want to learn how to cook and start meal prepping
Hannah: Finally, I'm gonna find my future husband (or at least start using dating apps):D
Hannah: And you? Have you set any goals for 2019?
Brooklyn: Hmm, interesting :D especially the last point ^^
Brooklyn: Yeah, just one - not to make any resolutions.
Hannah: Whyyyy??
Brooklyn: I just don't believe that a new year means a fresh start.
Brooklyn: Every past year I told myself I would lose weight, quit smoking, start going to the gym etc. And I'm still a fatty, who smokes like a chimney and rarely leaves their couch.
Hannah: You're a little ray of sunshine, aren't you? ;)
Brooklyn: :p And you're an undaunted optimist. What makes you believe that everything is going to change for the better?
Hannah: I don't know, I just like to think that we get numerous second chances to change our lives, to make right what's wrong.
Hannah: That's it, I don't have any better explanation.
Brooklyn: Well, you haven't convinced me. :) Nevertheless good luck with all your resolutions. ;)
Hannah: Thanks! :*","Hannah's New Year's resolutions are: work out, cook for herself, start dating. Brooklyn didn't make any. In the past she had, but she never fulfilled them. ",Hannah has made New Year's resolutions. She's going to lose weight and exercise everyday. She wants to find her future husband.
"Betty: so where did you go after?
Kelly: we wander around and met more people from school
Betty: anyone i know
Kelly: well, yeah
Betty: tell me!!!!!
Kelly: guess...
Betty: oh c'mon!!
Kelly: guess who could pass THE pub at 2 am...?
Betty: oh no!!!
Kelly: oh yes!!!
Betty: damned bastard
Kelly: haha but we didnt talk almost, just hi-hi hows it goin
Betty: tell me everything
Kelly: he looked nice, standard
Betty: was he with someone?..
Kelly: yes....
Betty: :/
Kelly: I'm sorry sweetie,  i told him a few words, he heard from me a bit. Bastard
Betty: thanks, babes, youre the best, youre my bestie
Kelly: not at all love, he is  such an ass!","Afterwards, Kelly wandered around and met some people from school. She also met him. They almost didn't talk and he was with someone. ",Kelly and Betty went to the pub at 2 am. They met some people from school. They didn't talk almost.
"Randal: Okay, got everything except the nail polish.
Sidney: Y didn't u buy it? :(
Randal: Don't worry, still in the store. :)
Sidney: Good. 
Randal: There's 1 problem. I don't know which one.
Sidney: I told u. Pink. 
Randal: <file_photo> they're all pink!
Sidney: The one on the left.
Randal: <file_photo> this one?
Sidney: No, that's fuschia. The other one.
Randal: <file_photo> This one?
Sidney: No, that's taffy. Getting closer, Honey. You can do this.
Randal: The shop assistant is looking at me weird.
Sidney: I'm sure she's not. Don't mind her.
Randal: <file_photo> This one?
Sidney: No, that's ballet slipper, not pink. 
Randal: U really call this colour ballet slipper?
Sidney: Sure.","Randal is buying nail polish for Sidney in the store, and she's explaining to him which pink she wants. ",Sidney didn't buy the nail polish. The shop assistant is looking at her weird.
"Rory: Max, is your sister studying in China?
Max: She is
Rory: How does she like it?
Max: it's not amazing, but she believes it's a good investment
Rory: does she speak Chinese?
Max: I think she does already
Joseph: Hard to control I imagine
Max: hahaha
Eliza: I think this is the best investment imaginable
Max: really?
Eliza: sure, the every 5th earthling is Chinese
Eliza: or so
Rory: true, I don't think you could stay unemployed speaking Chinese
Max: but there are Chinese everywhere and they speak foreign languages
Rory: true
Rory: anyway, where is is? Beijing?
Max: Nope. Shanghai
Rory: I've just checked, it has 25 million inhabitants!
Max: yes, she said it's actually bigger than the capital
Rory: Insane, it's the population of the whole Australia",Max's sister is studying in Shanghai and she already speaks Chinese. She doesn't find the whole experience amazing but she believes it's a good investment.,Max's sister is studying in China.
"Greg: Hi there, I'm coming for a business trip soon and would stay for two nights longer in BG
Greg: Could I stay at your place?
Nina: Sure
Nina: How could you possibly ask that at all
Nina: Happy to see you soon
Greg: :-D
Greg: Super cool, see you soon! Kiss
Greg: I'm happy too
Nina: How do you come? Shall we pick you up from somewhere?
Greg: No Dear. I'll be going directly to work, they are picking me up; two days at work and then back to a city 
Greg: Don't prepare anything, please!
Nina: Ok, we are in touch 
Greg: <3",Greg asks Nina to accomodate him for two days while he's on a business trip.,Greg is coming for a business trip soon and would stay for two nights longer in BG. Nina will pick him up from work.
"Luke: Ryanair to cancel flights affecting 400,000 more passengers. So unlucky Erin!
Erin: Yeeeep...it touched me as well finally 😩😩😩😩 Now they screw all my plans to go to Egypt...
Luke: You’re not the only one
Erin: Good to know that my feelings are shared with other 399,999 people 😩
Nathan: Relevant news story for everyone to consider: http://waterfordwhispersnews.com/2017/09/18/ryanair-cancel-effort-to-improve-brand-image/
Elijah: I’m lucky for now, none of my 2 flights have been cancelled 🙏
Erin: That’s not a good moment to brag 🙈
Ava: I think we were all unlucky with the ryanair fiasco...
Elijah: not me... yet… my 2 flights are confirmed for now
Luke: I’ve booked another flight with easyjet 🙂
Ava: I hope they can at least send me a voucher 😑
Erin: They will... Have faith...","Ryanair has canceled many flights. This affected Erin, Luke and Ava.","Ryanair cancels flights affecting 400,000 more passengers. Erin and Elijah have booked another flight with easyjet. "
"Jack: OMG STANLEY IS DEAD
Oliver: Wtf?
Stanley: I'm alive and well, dude
Jack: I meant Stan Lee, damn autocorrect
Stanley: I guessed that XD Yep, everybody's posting about it right now :(",Stan Lee is dead.,Stanley is dead.
"JP: What's new?
Samara: Not much.
JP: Oh.
Samara: Want to play?
JP: Nah. Gotta go to work.
Samara: K, see ya!",JP doesn't want to play because it's time to go to work.,Samara doesn't want to play.
"Emma: Hi, we're going with Peter to Amiens tomorrow.
Daniel: oh! Cool.
Emma: Wanna join?
Daniel: Sure, I'm fed up with Paris.
Emma: We're too. The noise, traffic etc. Would be nice to see some countrysides.
Daniel: I don't think Amiens is exactly countrysides though :P
Emma: Nope. Hahahah. But not a megalopolis either!
Daniel: Right! Let's do it!
Emma: But we should leave early. The days are shorter now.
Daniel: Yes, the stupid winter time.
Emma: Exactly!
Daniel: Where should we meet then?
Emma: Come to my place by 9am.
Daniel: oohhh. It means I have to get up before 7!
Emma: Yup. The early bird gets the worm (in Amiens).
Daniel: You sound like my grandmother.
Emma: HAHAHA. I'll even add: no parties tonight, no drinking dear Daniel
Daniel: I really hope Amiens is worth it!","Emma, Peter and Daniel are going to Amiens tomorrow. Emma and Daniel are tired of Paris. Emma and Daniel will meet at Emma's place tomorrow at 9 AM.",Emma and Peter are going to Amiens tomorrow. They are fed up with Paris and want to see some countrysides. Emma will come to Daniel's place by 9 am.
"Sean: I overslept :/
Sam: Again??
Sean: I know.",Sean overslept again.,Sean overslept again.
"Sue: Call me when you get this.
Sue: it's important
Steve: OK, I'm calling",Steve is calling Sue at her request.,Steve will call Sue when he gets this.
"Don: The CSS tests are today.
Hank: I know! Have you registered in their system?
Don: No, not yet.
Hank: I'm not sure if I have to fill out all the fields. Most of them don't even apply to Rodney. It's strange that they're incorporating such professional tests for little leaguers.
Don: Hmm... I don't know. I'll check it later tonight when I get home. Apparently it's supposed to be a database of all the young up-and-coming hockey stars. Scouts use that information for future contracts, etc.
Hank: OK, but our kids are 10 years old! They're not signing any contracts for now :)
Don: Well, obviously not, but it's kind of cool that they'll be in a world database of peewee hockey players.
Hank: Yeah, I guess. So apparently the tests are supposed to last 5-8 pm. 3 hours! I'll probably wait and work on the computer.
Don: Bring a blanket :) It can get mighty cold sitting in a rink for 3 hours.
Hank: No shit :) Are you coming.
Don: Well, since you're going anyway, maybe you can take my kid :) 
Hank: Hey, that's not fair! 
Don: I'll take the kids next time, I promise!
Hank: Yeah, yeah, we'll see. I'll tell you about the tests when I bring Oscar and Roger back.
Don: Ok, thanks again, I owe you.","The CSS tests for the hockey players are today and will last 3 hours, starting 5pm. Hank will bring his son and Don's son as well. Don is glad.",Hank registered for the CSS tests today. He will check it later tonight when he gets home. The tests are supposed to last 5-8 hours. Hank will bring Oscar and Roger back.
"Claire: Check this out :)))
Claire: <file_other>
Maria: !!
Nicole: Absolutely perfect for you!!
Claire: I guess so
Claire: But it could be a bit darker, cause this color is not very vivid
Nicole: Noooooo, I think this color is perfectly good for the bride
Maria: And it's no that expensive :)))
Claire: Yes, the price appeals to me xD
Nicole: You should order that dress
Nicole: I think you won't regret
Maria: Don't hesitate, it's incredibly beauty!!
Claire: Ok, if you say so :))","Claire is ordering her wedding dress, adviced by Maria and Nicole.",Claire wants to order a dress for the bride.
"Miley: don't want to go to work tomorrow!
Miley: wanna sleep!!!
Miley: need some rest :(
Aaron: know what u feelin
Aaron: really want some holiday already
Miley: :(
Aaron: fighting girl!",Miley is tired and doesn't want to work tomorrow.,Miley doesn't want to go to work tomorrow. Aaron wants some rest.
"Boris: Due to the number of PTO requests this week, we had to decide who will be allowed to take off based on seniority. 
Sarah: I understand.
Boris: Unfortunately, you are too low on the totem pole and we will have to deny your request.
Sarah: Oh, that's too bad! Is there any compromise? I really wanted to have some time with my family.
Boris: I can give you first choice of dates the week after, but that's the best I can do.
Sarah: What if someone cancels?
Boris: That is a rare, but yes, I will come to you first.
Sarah: Thank you.
Boris: Again, I'm very sorry.
Sarah: Could you amend my request for the following week, Monday through Wednesday?
Boris: Certainly. That should be no problem.
Sarah: That's great, at least I'll have a long weekend!
Boris: Very true. No problems from my side.
Sarah: Do I need to initial the change?
Boris: Yes, please come see my assistant at your earliest convenience.
Sarah: Certainly, no problem.
Boris: Thank you for being so flexible.
Sarah: Sure, I understand we can't all be off. You are just trying to be fair.
Boris: That's it exactly.
Sarah: Thank you again for explaining it so well.
Boris: My pleasure. Have a nice holiday and enjoy your time off.
Sarah: Thank you!","On the following week, Sarah will get her time off from Monday to Wednesday.","Boris will give Sarah the first choice of dates for the following week, Monday through Wednesday. If someone cancels, he will come to his assistant at the earliest convenience."
"Dan: since I am not sure who all ate from the BBQ, I will Splitwise everyone equally. If you did not have any of the food from the BBQ, please feel free to remove yourself.
Ashley: Although I did not have any food, it looked delicious! Job well done, Dan
Dan: Thanks!
Sara: Ahhh so sorry I wasn’t there :(
Ken: More food for us ;)
Sara: you’re such a meaaanieee Ken!
Ken: Just kidding, sweetie :) but regrettably there are no leftovers for you
Sara: K I’ll just remove myself since I didn’t eat
Vicky: it was soo good! As usual, Dan = grill master :)
Eric: Gery and I cooked our own chicken and asparagus I believe.
Gerardo: Well,Dan the man cooked it. We only provided it.
Dan: indeed
Gerardo: Thanks Dan
Eric: cheers! 
Gerardo: I removed us from the transaction Eric",Dan cooked a successful BBQ meal and will split the bill via Splitwise. He invites everyone who did not eat to remove themselves. ,Dan will split the food between everyone equally. Ashley didn't have any food. Dan cooked his own chicken and asparagus. Gerardo removed them from the transaction. 
"Eric: Yo yo
Dan: Yo man
Eric: Have you watched Punisher season 2?
Dan: Yeah, it was cool
Eric: I think the first one was better but the second one did some things better
Dan: Like what?
Eric: Like showing Frank as the actual Punisher and not just a guy seeking vengeance for his family
Dan: Yep, season 1 was kinda weird
Eric: Anyway I think they should have given Jigsaw more scars
Dan: Yeah
Eric: Anyway it's a shame they discontinued Daredevil
Dan: I know... shame shame shame
Eric: Netflix's walk of shame
Dan: They're as blind as Matt Murdock but without the radar XD",Dan has watched Punisher season 2 and Eric finds the first one better than the second one. They both think it's a shame they discontinued Daredevil.,Dan and Eric have watched Punisher season 2. They think the second one did some things better. They should have given Jigsaw more scars.
"Tony: <photo_file>
Amy: Sweet little cat <3
Lucas: Adorable!! ",Tony sent a photo of his cat to Amy and Lucas.,Amy sends Tony a photo of her cat.
"Samantha: How are you doing today?
Robyn: better, but I really exaggerated with bier last night
Samantha: was it really only bier?
Robyn: sure, why?
Samantha: I don't know, your eyes, behaviour
Robyn: you want to say I took drugs?
Samantha: I'm only asking, I don't have anything against drugs
Robyn: but I have and I never take them
Samantha: ok, sorry, I didn't intend to offend you
Robyn: I just drank too much, that's eat
Samantha: much too much
Robyn: yes, I lost control a bit
Robyn: I am sorry for that
Samantha: important that you feel better today",Robyn drank too much beer last night and lost control. She is feeling better today.,Robyn drank too much last night and lost control.
"Laura: Where are you?
Paul: Almost there.
Laura: Which is?
Paul: Close to the Mac.
Laura: That's so far away!
Paul: 15 mins
Laura: I am not waiting any more, see you some other time.
Paul: Please, wait!
Laura: I've waited 30 minutes, 15 minutes ago you wrote you were almost here. This is too much.
Paul: I am so sorry.
Laura: I am not. ",Paul is late for a meeting with Laura and she refuses to wait any longer.,Paul is almost there. Laura is waiting for him at the Mac.
"Diana: Remeber our last conversation? 
Diana: I'm going for hip-hop workshop and thought about you. 
Diana: Would you like to come with me?
Frann: I don't know. Is there an open level or beginner level class?
Frann: I haven't danced hip-hop for years! :O
Diana: There is. 
Frann: Okey, I can go. When and where:
Diana: <file_other>
Diana: There a form to fill in at the bottom.
Frann: OK, I see it. Thx! 
Diana: No problem :)
Frann: And see you in a week then!
Diana: Yeah, see u! Kisses!
Frann: :*",Diana and Fran are going to a hip-hop workshop in a week.,Diana is going for hip-hop workshop with Frann in a week.
"Brenda: Hello, is this Sandra Donovan?
Sandra: Yes, well that was my maiden name, it's Sandra Taylor now.
Brenda: It's Brenda Riley, we used to work together in the clothes factory!
Sandra: Oh my God! Bren! How are you, it must be 25 years!
Brenda: I'm fine, I live in Stoke now, moved away from Brum in the late 90s.
Sandra: I still live in Kings Norton, same house, same husband! I've got 4 grandchildren now, ages 2, 4, 9 and 15! How about you?
Brenda: Unfortunately, my husband Bill died 5 years ago, I have only one grandchild, she's 7, my little angel, she doesn't remember her Gramps. 
Sandra: So sorry, love, I remember your Bill, he had long black hair and massive sideburns, didn't he?
Brenda: Well, yes, about 45 years ago, he was bald when he passed away. He loved to dance, he did Northern Soul, we both did actually. Went up to Wigan on weekends, happy times!
Sandra: Oh yes, I remember that craze, bit energetic for me! We liked disco instead! We had some great dinner dances with the factory, do you remember them?
Brenda: Yes! Us all dressed up with our long dresses and the men with their frilly evening shirts, lovely memories!
Sandra: Do you still see any of the girls from Lister's?
Brenda: No, but I heard that Marigold Carter died, very sad.
Sandra: Hey Bren, I've had a brainwave! How about we organise a reunion for the Lister's girls, look on social media for them?
Brenda: Actually, I was thinking along those lines! Do you fancy meeting up, just you and me? I can come down to Birmingham anytime.
Sandra: That would be lovely! Can you manage it next Saturday? We could meet about 11ish and go for lunch and a good old trip down memory lane!
Brenda: Oh yes! I'd love that! I'll get back to you about train times soon!
Sandra: Ok! Bye love!",Sandra and Brenda used to work together in the clothes factory 25 years ago. Sandra still lives in Kings Norton. Brenda lives in Stoke now. Her husband Bill died 5 years ago. They will meet in Birmingham for a lunch next Saturday about 11. They want to organize a reunion for the Lister's girls. ,Brenda and Sandra used to work together in the clothes factory. Brenda's husband Bill died 5 years ago. Brenda and Sandra have 4 grandchildren now. Sandra will meet up next Saturday at 11ish and go for lunch and a trip down memory lane.
"Casper: Is any of you nobel fellows going for tomorrow's classes with Mr Linda?
Alexander: Hmm...
Alexander: To be or not to be, that is the question!
Alexander: But remembering the last lecture with Linda, my answer is like moving towards NO
Igor: Amen to that, Alex!
Igor: Last time I came so self-motivated and full of energy that I thought I could even dominate the lecture
Igor: I sat in the second row, concentrated, even took some notes and asked two questions
Igor: After few minutes Lewis poked me and told to stop snoring...
Casper: Ahahahaha
Casper: True, I saw that!
Alexander: I think it's not that the subjects themselves are boring, it must be his voice
Alexander: I mean it's so monotonous and hypnotic. Kind of... lulling you to sleep
Igor: Yeah, that guy is like David Copperfield among lecturers
Alexander: Haha David Copperfield :D
Alexander: Let's call him like that from now on! He even looks like the magician a little :D
Casper: That's a fancy nickname, I like it
Casper: But if I wanted to see a magician, I'd rather go to the circus
Igor: So... Judging from the overall tone of our discussion I feel that the decision's been already made
Igor: Am I right, gentlemen?
Casper: Actually your opinions, my noble fellows, have conirmed my conviction that going there and wasting time doesn't make sense
Alexander: Not a bit!
Alexander: And learning from Igor's last experience I think we should go somewhere else instead
Alexander: I don't want to end up snoring and getting embarrassed :D
Casper: Great, so we've reached an unanimous decision
Igor: So where are we going instead?
Casper: Let's meet near the university and we'll work something out
Igor: Agreed.
Alexander: All right!",Alexander finds Mr Linda's voice monotonous. Igor fell asleep during the lecture. Casper reckons it's a waste of time. They are going to meet near the university and go somewhere else instead. ,"Alexander, Alexander and Lewis are going for tomorrow's classes with Mr Linda. They will meet near the university and work something out."
"Abigail: It's Sundaay.
Damien: So?..
Abigail: You know what that means.
Damien: Hmm no I don't x)
Abigail: Sunday means we go to church~.
Damien: Oh, yeah..
Abigail: Don't forget to put on a coat and tie.
Damien: A coat and tie?.. Why?
Abigail: To show respect to God and others.
Damien: Omg..I'm glad Sunday is only once a week.
Abigail: I hope God didn't hear that.
Damien: He'll forgive me 😇
Abigail: Just be ready on time please.",Abigail and Damien are going to church on Sunday. Damien has to put on a coat and tie.,Abigail and Damien are going to church on Sunday.
"Rachel: Hi caron fancy a drink tonight?
Caron: yes that will be great Red Lion at 8?
Rachel: you read my mind lol
Caron: well I know you too well xx
Rachel:  see you there xx",Rachel and Caron are getting drinks in Red Lion at 8 tonight.,Rachel and Caron are going to Red Lion at 8.
"Emily: shit, I'm waiting to see my doctor and you won't believe who's waiting with me
Emily: <file_gif>
Adam: who then?
Emily: a nun and a blind crazy man
Emily: it feels spooky
Adam: haha XD",Emily is at a doctor's office. There is a nun and a blind crazy man waiting as well.,Emily is waiting to see her doctor. Adam is waiting with her.
"Annie: Are you going to be at school?
Christine: Not tomorrow. I am not well.
Annie: Oh noes! What happened?
Christine: Got the flu, I think.
Annie: what's your temperature?
Christine: Not high, I'm not running a fever or anything
Annie: Are you eating ok?
Christine: Yeah. Just blocked nose, sore throat. Tired.
Annie: Sounds like you've got a cold. You need anything?
Christine: I could do with some Theraflu.
Annie: OK, I think we've still got some sachets, should be in date. I'll drop them through your letterbox later on.
Christine: Yeah. Don't call in because I'll feel bad if you catch this cold off me.
Annie: I think I probably had it already, but you might be sleeping.
Christine: If the light in my room is on, call if you want.",Christine is sick and won't come to school tomorrow. Annie will leave Theraflu sachets in a mailbox. Christine doesn't want to get her sick.,Christine is not going to school tomorrow because she has the flu. Annie will drop some Theraflu sachets through her letterbox later.
"Jeremih: hey, tell your sis to text back
Hansel: haha, thats your issues bro, dont drag me into it
Jeremih: she's mad at me
Hansel: for what
Jeremih: i dont even know😔
Hansel:😢😂
Jeremih: youre laughing
Hansel: haha, ill tell her but next time i wont interfere
Jeremih: Okay bro, thanks",Hansel will tell his sis to text Jeremih back.,Hansel doesn't want Jeremih to text back because his sister is mad at him.
"Ost: I bought a garage place in the garage.
Vesna: Cool.
Ost: I got it cheap. It's my intention to rent it out and do the restitution of my money.
Vesna: Well doneeeee!.
Ost: There is a big crowd in parking, so the prices for finding garage places are favorable, in this area.
Vesna: Really!.
Ost: Return on investment is much higher than if I give money under term savings in the Bank.
Vesna: You make sense for money.
Ost: The interest rates are very small, almost close to zero, ""only they do not ask you to pay them, for holding money in the Bank"".
Vesna: O yes.
Ost: Prices of garage places, in Belgrade, will only grow.
Vesna: Really!.
Ost: Yes, there are more and more vehicles in the city center, as the number of vehicles per family is growing. It used to be about one vehicle per family, and now it's approaching an average of two vehicles.
Vesna: Yes..
Ost: And there will not be new parking space.","Ost bought a garage place for a good price. He intends to rent it out. He thinks it will be a better deal than keeping savings in the bank. The prices of garage place in Belgrade will grow as there are more and more vehicles.

",Ost bought a garage place in the city center. He will rent it out and do the restitution of his money.
"Barry: I'm gonna go march in Women's strike, anyone interested?
Jake: I am, already made plans with some friends, wanna join?
Dave: I am down too, Kelly is coming with me
Barry: Let's just meet around the campus at noon","Barry, Dave, Kelly, and Jake will meet around the campus at 12 to join Women's strike.",Barry is going to march in Women's strike at noon. Dave and Kelly are coming with him.
"Anna: The more I study the more I think it makes no sense
Anna: We learn about historical moments in our civilization
Anna: We learn names and dates, we learn about great moments of human race and we learn about our mistakes
Anna: We learn all of it and get idealistic
Anna: We develop utopian concepts of how world should look like
Anna: And all of it makes us miserable when we face reality. We face corruption, politics, war, conflicts hatred, egoism
Jerry: Wow. That was kind of depressing...
Anna: Ignorance is a bliss you know...
Jerry: I get it. The less you know, the happier you are.
Jerry: However I try to look for positives.
Anna: So do people doing HIV tests
Jerry: Hahaha. Dark humour. I luv it.
Anna: The only thing that makes me feel better is actually dark humour.
Jerry: I feel you :D",Anna is disappointed as she learns the history our civilization. Dark humour cheers her up.,Anna studies historical moments in human history. She learns about great moments of human history and she learns about mistakes.
"Zack: Dude have you seen the new Jersey Shore season?
Dwayne: Didn't even knew a new one came out xD
Zack: Ahahah no surprise there. But yeah I watched a couple of episodes and it was hilarious.
Dwayne: It's the original cast?
Zack: Yep. Snooki, J-Wow, Pauly D, Ron, The Situation, Deena and Vinny.
Dwayne: I herad The Situation was having some bad legal problems..
Zack: Yeah and he still is.
Dwayne: How come he's doing the show?
Zack: I have no idea but he is really diferent now.
Dwayne: I highly doubt that xD
Zack: No dude really, he's super funny and a nice guy now.
Dwayne: Damn it seems I have to check it out, that sounds interesting ahaha
Zack: Check it out! Season 2 is almost there so we will have some more episodes to watch after we finish the first season.
Dwayne: Alright. I'm gonna start watching, I will let you know what I think afterwards :p
Zack: ahahah do that! ","Dwayne will watch the new season of ""Jersey Shore"" on Zack's advice. The first episodes of the new season are hilarious. Season 2 is upcoming.",Zack watched a couple of episodes of the new Jersey Shore season and liked it. Dwayne thinks The Situation is funny and a nice guy now. Zack will let Dwayne know what he thinks afterwards.
"Joseph: It's fuzzy but I think you can recognize what's that(^_-)-☆
Joseph: <file_photo>
Ella: Ooooo
Ella: Baby cows??(/◕ヮ◕)/(/◕ヮ◕)/(/◕ヮ◕)/
Joseph: Wujek Janek has tween cows:D
Ella: Twins* darling xD
Joseph: Oh yeah, sorry Twins*
Ella: Good for him!! So cool❤️❤️
Ella: Wanna touch them❤️❤️❤️",Joseph has sent Ella a photo of Wujek Janek's twin baby cows. Ella is delighted.,Joseph sends Ella a photo of baby cows.
"Linda: hey have we decided on a lunch place yet?
Ronnie: thought we were going for sushi
Linda: Karen said she hates raw fish or something
Karen: nah I'm ok with sushi, just thought we would go for smth cheaper this time ;p 
Karen: hard times are a-coming xd
Ronnie: been craving sushi all week long :( but i sooo get, K, maybe we should dial it down with the fancy places
Linda: hey there is this pasta joint right next to our apartement
Linda: you get it in like takeout boxes. we could take these out to the park
Ronnie: so down with that!
Karen: same here! let's wait for Amanda tho
Linda: @Amanda are you ok with pasta for lunch?
Ronnie: let's hope she checks her fb this time haha
Amanda: hey guys, yes! whatever works for me :)","Karen wants something cheaper than sushi for lunch. Linda, Ronnie and Karen will get takeout pasta boxes to the park.","Ronnie, Karen and Amanda are going for sushi. They will go to a pasta joint next to Linda's apartement."
"Geri: I need to buy some new shoes
Hilary: what kind?
Geri: some nice heels
Geri: something sexy
Hilary: I sa spome great ones at the mall yesterday
Geri: great! thanks
Geri: wanna go together check them out
Hilary: ok maybe 2morrow
Hilary: after work?
Geri: sounds good
Geri: we can get some frozen yogurt
Hilary: Oh yeah
Hilary: I love that place!
Geri: it's been a while since I had some
Hilary: it's a plan
Geri: ok I'll be in touch
Hilary: ok :)",Geri and Hilary will go to check out some sexy heels for Geri tomorrow after work. They will also have some frozen yoghurt. ,Geri wants to buy new shoes. Hilary will buy some frozen yogurt for her.
"Bailey: <file_other>
Bailey: ....
Mikaela: oh :(
Mikaela: shame it's now ...
Bailey: yeah maybe it's for the better:D
Mikaela: u think?
Bailey: yeah i've already got like a ton of fabric in my closet
Bailey: and i keep buying new stuff
Mikaela: i had to buy a box at ikea!
Bailey: ur lucky you only have one... 
Bailey: my closet got too small and now the fabric's creeping onto the shelves
Bailey: 4 boxes so far...
Mikaela: but you're like the master level, so it's a completely different story:D
Bailey: i hope u won't ever get to this point ;D
Mikaela: hahaha oh i hope i will ;D","Bailey has plenty of clothes but she keeps buying new ones and she even had to buy four extra boxes for clothes at Ikea. Mikaela has the same problem, but she only had to buy one extra box. ",Bailey's closet got too small and now the fabric is creeping onto the shelves. 
"Clara: Did you notice that weird smell at Kasia's place last night?
Ron: YES!!!!!! I didn't want to say anything about it, though. I didn't want to be rude.
Clara: I think it was her 21 cats roaming around lol
Ron: lol don't say that, those cats were cute.
Clara: so what? they can still smell 
Ron: i think it was her sleazy boyfriend
Clara: lol you're bad
Ron: jk
Clara: in all honesty I don't know what it was.
Ron: i guess we'll never know",Clara and Ron are wondering what that weird smell at Kasia's place last night was.,Clara noticed a weird smell at Kasia's place last night. Ron doesn't know what it was.
"Sebastian: It's been already a year since we moved here.
Sebastian: This is totally the best time of my life.
Kevin: Really? 
Sebastian: Yeah! Totally maaan.
Sebastian: During this 1 year I learned more than ever. 
Sebastian: I learned how to be resourceful, I'm learning responsibility, and I literally have the power to make my dreams come true.
Kevin: It's great to hear that.
Kevin: It's great that you are satisfied with your decisions.
Kevin: And above all it's great to see that you have someone you love by your side :)
Sebastian: Exactly!
Sebastian: That's another part of my life that is going great.
Kevin: I wish I had such a person by my side.
Sebastian: Don't worry about it.
Sebastian: I have a feeling this day will come shortly.
Kevin: Haha. I don' think so, but thanks.
Sebastian: This one year proved to me that when you want something really badly, you can achieve it.
Kevin: I want to win lottery and I never did :D
Sebastian: If you devoted your life to analyze all of the winning numbers, and with your math skills you could win.
Kevin: Devote myself and million dollars for lottery tickets.
Sebastian: Something like that xD
Kevin: I'm happy for you man.
Kevin: I really am
Sebastian: Thanks. It means a lot my friend :)","Sebastian is very happy with his life, and shares this happiness with Kevin.","Sebastian moved to New York. He learned how to be resourceful, learn responsibility, and he has the power to make his dreams come true."
"Robert: Happy Christmas! Wishing you and Elena all the best for the Christmas season and a Happy New Year!
Serge: Thanks, you too, Robert.
Robert: By the way - please cancel the phone number for me that starts with 713. The one beginning with 304 is the only number for me now.
Serge: OK, Robert. Is all OK?
Robert: Well, I will tell you more in a few weeks, but in short from today I am looking for a new job.
Serge: What? They sacked you? After your huge success in the Ukraine?
Robert: That's life.
Serge: Those fucking bastards.
Robert: Well, I could see it coming, ever since the merger. The Swedes didn't even bother to find out what people did before they started laying them off.
Serge: Send me your CV, I know one Belgian guy who is thinking of opening a new factory here. Can't promise anything, but at least I can try.
Robert: Serge, I really appreciate that.",Robert has a new phone number starting with 304. Robert has lost his job and is looking for a new one. Serge offers to pass on Roberts CV to a contact. ,Robert is looking for a new job. He will tell Serge in a few weeks if he can find a new one.
"Inez: My dears, our evening inspired me to create this group conversation to plan further Food Evenings :)
Inez: This is my proposal for the next one: <file_photo>
Alicja: Wow, I will actually feel happy going to work thanks to this :D
Gosia: Happy going to work and even happier leaving it haha
Alicja: Just too bad that the time between 9 and 17 will be wasted :P
Patrycja: I really liked our evening, even the pizza was delicious :) How did you girls like it?
Inez: I loved it, Gosia really chose a great place :)
Gosia: I am an expert at eating :D
Alicja: Have you been to this restaurant Inez sent?
Gosia: No, it is quite new. But I heard good opinions! :D
Patrycja: And it fits with our theme of exploring world cuisines :)
Alicja: First Italy, now Korea! :D
Inez: So when could we do this again?
Gosia: I am not sure, but we have to before the holidays!
Patrycja: We should have less work in two weeks, we could go again on Wednesday?
Alicja: Sounds good to me!
Inez: Me too :D",Patrycja and Inez enjoyed the Italian evening. Gosia chose a great place. Alicja hasn't been to the new restaurant. They all want a Korean evening on Wednesday in two weeks time.,"Inez, Patrycja and Gosia are planning to go to the restaurant Inez sent. They will go again on Wednesday."
"Simon: Good afternoon.
Freddy: Good afternoon, Simon.
Simon: I heard from Barbara that you have a good singing voice and that she had asked you to sing at the school concert?
Freddy: Well yes, she did. Obviously it's up to you, you are doing the music. Not every musician likes to jst perform with people he doesn't know.
Freddy: It wasn't my idea, but if you are ok with we can do it.
Simon: The only problem I have is that I can't see myself finding any free time in the coming week to practice and the concert is on Friday. Do you have backing tracks for the things you like to sing?
Freddy: Sure, I can send you something.
Simon: How many would you like to sing? 
Freddy: I don't know, one or two, three at most.
Simon: OK, then send me three tracks. Maybe it'll be possible for me to play guitar as you sing for one or two of the tracks, we'll have to see. 
Freddy: That would be good. In the end live music is something a lot more special than just using backing tracks.
Simon: I'll send you my email address and you can send me the attachments on that.
Freddy: Will do. thanks.",Freddy will sing at the school concert and send Simon 3 backing tracks.,Freddy will sing at the school concert on Friday. Simon will send Freddy the attachments on the songs he likes to sing.
"Anne: Hi darling, do you went to come for Easter?
Adele: love to, i'm off on friday
Anne: it's could be nice, i'll invite Louise too
Adele: great, i'll bring you eggs, chocolat ones of course!
Anne: thanks darling.",Anne is inviting Adele for Easter. Adele will bring some chocolate eggs.,Adele will come for Easter. Anne will invite Louise.
"Marsha: Guys, we've planned the trip with John last night as we promised
Cynthia: great, thank you for that
Marsha: but of course you have to agree on that
Mohammad: sure, but I really trust you
Gavin: me too
Marsha: so as we decided last time, we will spend a week just on the beach 
Marsha: we all wanted some calm, nice place, right?
Gavin: yes!!! 
Marsha: John found this little hotel in Nosy Be
Marsha: <file_photo>
Marsha: and their website: <file_other>
Marsha: it's quite basic the website, but it may actually be a good sign
Gavin: I love it!
Cynthia: it seems just perfect
Marsha: I know
Marsha: it's more expensive than hotels on the mainland
Marsha: but it seems to be the most beautiful place in Madagascar
Mohammad: so let's go there, it's still cheaper than Italy for example
Marsha: exactly!","Marsha and John planned the trip. They will spend a week on the beach with Cynthia, Mohammad and Gavin. They will all stay in a hotel in Nosy Be.",John and Cynthia are planning a trip to Madagascar. They will spend a week on the beach.
"Charles: How can you tell that someone has gluten intolerance?
Karen: You can have coeliac disease which makes it impossible for you to digest gluten or be allergic to gluten. From what I've heard, being allergic is far worse, because you have an allergic reaction that can be lethal, while being intolerant can make feel you some unpleasant symptoms, but I don't think may lead to your death
Jack: Why are you asking? Is there something wrong?
Charles: Hm, I don't know, I feel that I may be allergic or something
Monica: Do you have any symptoms? Check those articles:
Monica: <file_other>, <file_other>
Karen: I think that you may have a very very light allergy at best, otherwise you would have known - trust me
Karen: When it comes to intolerance... I know it's very hip to be gluten intolerant, but I don't believe that suddenly half of the population is gluten intolerant. Unless you have a coeliac disease, I think you're fine
Jack: My friend was told that she may be intolerant or allergic and she did a blood test - she's absolutely fine
Charles: I may do it as well. I feel weird recently, bloated and I gain weight even though I don't eat much
Karen: But do you feel differently after eating gluten? Jack's right, you should do a blood test first, but you can test it yourself. Stop eating gluten for a month and see if you feel better
Monica: I did the same thing with lactose, I wasn't feeling great after drinking coffee with milk, etc. I stopped eating it and I'm much better now
Jack: But did it happen suddenly or were you always like this?
Monica: It just happened, I was all right until I wasn't. I don't know how it works, but it happens
Charles: I think it's the same with me. I was fine, but recently it's a real nightmare
Karen: You should quit eating gluten and see, otherwise you should look for a different explanation. Maybe it has nothing to do with food?
Charles: I had a basic blood test and everything's fine. My GP said all my problems are linked to my diet
Karen: It may be, but I'm not so sure. Although, changing your diet and eating healthier can't do you any harm
Monica: You should read the articles I sent you, check the symptoms and what you shouldn't eat
Charles: Thanks! I'm really worried, because it's getting worse and I have no idea what's happening with me",Coeliac disease makes it impossible to digest gluten. Charles feels bloated and gained weight recently. Monica stopped eating lactose. Charles had a blood test.,Karen advises Charles to stop eating gluten for a month and see if he feels better. 
"Peter: Did you hear what happened at school today?
Jack: No?
Peter: There’s been kind of an emergency, gas leak or something.
Jack: Oh, I hope it’s nothing serious. Did they called fire units?
Peter: Yep, three engines and ambulance. It turned out to be a drill.
Jack: It’s better this way than the other. ",There was a drill at the school today.,There was a gas leak at school today. There were three engines and an ambulance.
"Carla: Hey
Carla: how are you today?
Raul: not too well
Carla: what's wrong? did you sleep?
Raul: it was a really crappy night
Raul: and yesterday evening
Raul: and today morning
Raul: i started off with a fag
Raul: i don't even know what triggered me off 
Raul: yesterday Jen had to go to a friend
Raul: she'd broken up with her bf and Jen went to sit with her
Raul: and she stayed for the night
Raul: so i thought it's be a good evening just for myself
Raul: but i was just so pissed off all the time
Raul: and then i had those weird dreams of my uncle
Carla: shit ;/ sounds awful
Raul: yeah it was :/
Carla: ;*",Raul's had a bad night and day. ,Raul had a bad night yesterday. He had weird dreams of his uncle.
"Sawyer: ball game 2nite?
Sutter: injured
Wheeler: what time?
Sawyer: 5.30? 6?
Wheeler: anytime l8r?
Sawyer: pitch booked at 8 so we need to start earlier
Wheeler: so im out sry
Yardley: i guess next time be better",No one wants to play ball with Sawyer tonight.,Sutter is injured. The ball game is at 5.30. The pitch is booked at 8.
"Willyx: how did your job interview go?
Alicja: it's tomorrow :D
Willyx: sorry
Alicja: it's ok :)
Willyx: let me know how it went
Alicja: sure",Alicja's job interview is tomorrow. She will inform Willyx how it goes.,Alicja's job interview is tomorrow.
"George: Hi Donna. I've been trying to catch you.
Donna: What about?
George: A rather delicate matter.
Donna: Did you catch AIDS?
George: Very funny!
Donna: It is, isn't it?
George: I don't think so.
Donna: Too bad. So what do you want?
George: Could we meet and discuss it somewhere?
Donna: Like where?
George: Like in a coffee shop or somewhere.
Donna: You sure a coffee shop is better to discuss delicate matters.
George: Come to think of it, you are right. It's not.
Donna: See? So what's up?
George: Couldn't you come to my place tonight?",Donna will pay George a visit tonight to discuss a personal matter.,George is trying to catch Donna. She caught AIDS. George and Donna will meet in a coffee shop tonight.
"Lola: hey girlfriend, what's up?
Adele: Oh, hi Lols, not much.
Adele: got a new dog.
Lola: another one?
Adele: Yup. a pup biscuit lab. 4 months. Chewy.
Lola: how did the others react?
Adele: the cats keep their distance, Poppy and Lulu seem to mother him. Speedy wants to play.
Lola: no fighting? that's new.
Adele: they say puppies are accepted by other animals more easily than older dogs
Lola: especially girl dogs, probably
Adele: with the other ones I had to wean them because I took them in as adult dogs. And girls like to fight. like crazy.
Lola: doggies, right/.
Adele: that too :P
Lola: haha. true though.
Adele: I know, right. Anyway, called him Bones. He's so plump it kinda fit.
Lola: cute. can't wait to see him.","Adele got a new biscuit Labrador Chewy that is 4 months. Her cats keep their distance, and Poppy and Lulu seem to mother Chewy and Speedy wants to play.",Adele got a new dog. She named him Bones.
"Don: What did you buy for Nancy's birthday?
Margot: A bottle of nice wine.
Yvonne: I didn't buy anything yet :/",Margot bought a bottle of nice wine for Nancy's birthday.,Margot bought a bottle of nice wine. Yvonne didn't buy anything yet.
"Judah: Hello
Archie: Hey
Judah: So what time are you arriving from Southampton?
Archie: Around midnight; I'll be travelling to yours by bus, so it might take an hour or so
Judah: No worries. Call me on the phone if I happen to be dead by the time you get here
Archie: Lol Will do!",Archie is arriving from Southampton around midnight. He will travel by bus. He will call Judah.,Judah will be arriving from Southampton around midnight. Archie will be travelling by bus.
"Cara: hey
Cara: are you at home
Celine: hey Cara
Celine: No i'm not
Cara: okay then, i just wanted to pass by
Celine: im sorry, i can drop by in the evening if you dont mind
Cara: its fine, call me then if you decide to come
Celine: ok","Celine is not at home, but she will call Cara before visiting her.",Celine is at home. Cara will call her in the evening if she decides to come.
"Maya: Bring home the clothes that are hanging outside
Maya: All of them should be dry already and it looks like it's going to rain
Boris:  I'm not home right now
Boris: I'll tell Brian to take care of that
Maya: Fine, thanks","Maya wants Boris to bring clothes that are hanging outside. Brian will do that, because Boris isn't at home now.",Maya will bring home the clothes that are hanging outside. Boris will take care of them.
"Sybille: Hello, i'm trying to make my online registration  for the flight AF3581 from Minneapolis to Paris the 29th, but i only get an error message. Here is my file number NRTTU and my flying blue number XXXX. Thanks for you help
Air France: Hello Sybille, we acknowledge receipt of your message and return to you as soon as possible.
Air France: After checking your flight is operated by Delta Airlines for departure from the United States. Online registration works from the Delta  site.
Sybille: Hello again , i still have trouble for my son' s online registration. I'm really angry as it cost me more than 40 euros  for 20 minutes on your short number 3654, and still i don't have any answer. He couldn't get his flight yesterday, so i asked for it to be postpone. I twice gave my credit number but still the ticket is not delivered.
Air France: Of course, i give the file to an agent.
Air France: Please, be awared it could take 24 hours
Sybille: I can't wait so long. My son is only 16 year old and he has to sleep in the airport, with no mean to leave his luggage as he has no ticket.
Air France: Hello Sybille, we're very sorry . We could offer you a departure on flight DL140 from Minneapolis to Paris. We'll return to you.
Sybille: My  phone number is XXXX, please call me back as soon as possible
Sybille: Hello, i was again on line with people from the  short number. They told me that they've done everything possible but my payment can't be accepted because the flight is operated by Delta. Please consider a young stuck in US with no possibilites  for coming back just because of Delta and Air France sharing code, can't  share payment. Shame on you.
Air France: We'll get in touch with Delta US  and return to you quickly
Sybille: thanks a lot
Air France: We just send  you by email the new ticket for you son. We remain at your disposal.
Sybille: Thanks a lot, you're more efficient than the  hotline.","Sybille is angry, because she cannot make a reservation for the flight from Minneapolis to Paris. Air France managed to solve the issue.","Sybille is trying to make online registration for the flight AF3581 from Minneapolis to Paris the 29th, but she only gets an error message. She will get in touch with Delta US soon."
"Damian: guys did u watch Chelsea game
Jacob: no
Mason: nah, i was busy all afternoon
Damian: Higuain scored twice! so happy for him
Damian: I know it was just Huddersfield, but finally something positive happened
Jacob: having a striker makes a difference
Damian: yup
Mason: but cmon huddersfield is abysmal
Damian: don't be like that, im happy for the team, maybe this will be a turning point
Jacob: no, I don't think so
Mason: ha good luck with that",Chelsea won a game with Huddersfield this afternoon. Higuain scored twice. Damian's happy about it and he hopes it will be a turning point for Chelsea. ,"Damian, Jacob and Mason watched the Chelsea game."
"Don: Hi Cindy. Have you made all arrangements?
Cindy: It's about today's meeting or your trip next week?
Don: Both, I suppose:)
Cindy: You have meeting with management board today at 2 pm.
Don: Where did you set it up?
Cindy: In our conference room.
Cindy: Catering will bring some tea, coffee and snacks.
Don: That's good.
Don: Did everybody got the agenda?
Cindy: Yep.
Don: How did Andy react when he saw it?
Cindy: Can't say, really. Not sure if he even read it.
Don: That's Andy all right.
Don: And how about the trip.
Cindy: I've got your plane tickets and booked the hotel.
Don: Which one?
Cindy: Hilton, as usual.
Don: Perfect:=)
Cindy: But nobody is gonna pick you up at the airport. You'll have to get a cab.
Don: I think, I can manage that;=)
Don: Good job, Cindy. No idea, where I'd be without you.",Cindy has made arrangements for today's meeting at 2 pm in the conference room. She also organised flights and hotel for next week's trip. Don is appreciative. ,"Cindy has a meeting with management board today at 2 pm. Catering will bring tea, coffee and snacks."
"Robert: Hi mate! Are you still at your office? If you are how about grabbing some coffee? I'm meeting Darek at 5pm, but I will be around at 3pm already :)
Gabriel: Hi Robert! Sorry for late response, didn't see your message. Also I've quit the office about a month ago, sorry. How are you doing?
Robert: I casually came to visit my old pals. Long story. I thought I could catch you somewhere, but maybe next time then ;). How are you doing? Where are you nowadays?
Gabriel: I'm OK. I'm at home, looking into what I'm doing next...Well I hope you will enjoy your meeting","Robert texts Gabriel to arrange a get-together with him in the office at 3 pm, before he is meeting Darek. But Gabriel left the office a month ago and is at home now, so they will not meet today.","Robert is meeting Darek at 5 pm. Gabriel is at home, looking into what he's doing next."
"Madison: Hello Lawrence are you through with the article?
Lawrence: Not yet sir. 
Lawrence: But i will be in a few.
Madison: Okay. But make it quick.
Madison: The piece is needed by today
Lawrence: Sure thing
Lawrence: I will get back to you once i am through.","Lawrence's almost done with the article, Madison needs it today.",Lawrence will be through with the article in a few minutes.
"Tricia: The cake is still not ready.
Zandra: Which cake?
Tricia: For your daughter’s birthday, Tam ;)
Zandra: Oh, of course, there are so many of them, I don’t even know what’s going on.
Tricia: Sure thing, you need a hand ;]
Zandra: Thank you so much, what would I do without you…
Zandra: But what about the cake, the party is tomorrow!
Tricia: You finally realized that… ;)
Tricia: They promised to have it tomorrow at Tricia: Zandra: .
Zandra: The party starts at Tricia: , it’s way too late!
Tricia: I’ll send Erwin to get it, he’ll deliver it to us by bike ;D
Zandra: Bike… God save us all…
Tricia: He’s a good driver and has a special bag, it will be ok, I promise :*
Zandra: Ok, how about the rest? I have all decorations, starting with them in the morning after kids go to grandma
Zandra: I know nothing about the food and outside attractions
Tricia: Food I’m taking care of, outside thing will be done by a company, they come and organize everything, don’t worry
Zandra: You’re the best, I have to make for it <3
Tricia: Nooo, no way, it’s nothing.
Tricia: I know it’s not easy for you with 4 children.
Zandra: Noo, it’s not, but I regret nothing :*
Tricia: And that’s the most important thing!","Zandra's daughter, Tam, has a birthday tomorrow. The party starts at Tricia's place, so Erwin will deliver a birthday cake by bike. Zandra is taking care of the decorations, Tricia of the food and a company of the outside attractions. ",The cake for Tricia's daughter's birthday is not ready. She will send Erwin to deliver it tomorrow.
"Sally: Hey! Imagine Dragons are coming to us!
Tim: So I've heard.
Sally: And you didn't tell me?! 
Tim: Come on. It's just a band...
Sally: It's not JUST a band, you jerk!
Sally: <file_video>
Sally: I've already checked the ticket availability. There are still some tickets for the standing area at our ABC Theatre. Shall we go together?
Tim: How much are they?
Sally: 70
Tim: When is the gig?
Sally: 12 July
Tim: Well, I may go.
Sally: Your enthusiasm is infectious, really... Try inviting me for some sports events and you'll see how happy I'll be.
Tim: Ok! Let's go! It'll be an unforgettable evening!
Sally: Jerk! I've aready bought the tickets, so put it in your diary
Tim: Done. ","Imagine Dragons have a concert at ABC Theatre on 12 July. Sally wants to go with Tim. She bought tickets, they cost 70.",Imagine Dragons are coming to Sydney on 12 July. Sally will buy the tickets for the standing area at the ABC Theatre.
"Adam: 10 minutes and I'm going in
Adam: Never been so afraid of any exam
Dave: Everything's gonna be fine man.
Dave: We all are nervous here but we believe in you and keep our fingers crossed.
Adam: Wish me luck
Dave: GOOD LUCK!",Adam is going to take an exam in ten minutes.,Adam is going to the exam in 10 minutes.
"Mark: Have you seen his new car?!!
Jeff: Dude, wtf, it's like insane. How the hell did he afford it???
Mark: No fucking clue, but the ride is legit
Jeff: Hell yeah, I'd drive this baby
Mark: Over my dead body:D I gotta be first one to try it out
Jeff: Yeah, you wish:D 
Mark: wanna bet he'll let me first:D?
Jeff: 100 bucks dude, I'll bet your ass:D 
Mark: hahaha deal!",Jeff and Mark are amazed by his car. They bet 100 dollars who gets to drive it first.,Jeff will drive Mark's new car for 100 bucks.
"Pam: Hey Robert, you said you cold help with Tom's birthday?
Robert: Sure, what do you need?
Pam: I have to go shopping, cook and clean and I figured out I don't have time to pick up the balloons
Robert: from where?
Pam: there this store in the city centre that sells these awesome floating balloons
Robert: No problem just text me the address
Pam: bless you!
Robert: ;)",Robert will pick up floating balloons for Tom's birthday.,"Pam needs Robert's help with Tom's birthday. Robert has to go shopping, cook and clean and he doesn't have time to pick up the balloons."
"Ben: pizza tonight?
Steven: sure thing!
Ben: at Marco's?
Steven: (y)",Ben and Steven will go to Marco's tonight to eat pizza.,Steven and Ben will have pizza tonight at Marco's.
"Marta: i swear that jay is a pathological liar!!!!!!
Rose: why do you say that?
Marta: he keeps talking about how he has all this money and travels all over the world
Rose: lol yes, that's all he talks about
Marta: well i just found out he lives in a studio apartment in the outskirts of town!!!!!!! :-(","Randy has been lying about being rich and travelling around the world, as he lives in a studio apartment in the suburbs.",Marta has just found out that jay lives in a studio apartment in the outskirts of town.
"Robin: Btw, do you know anything about that poker platform?
Jacks: Which one? The Bulls Eye one?
Robin: Yeah
Jacks: I played on it several times, it's good!
Robin: I'm trying to read up on the game
Jacks: It takes time, but once you get into it it's fun
Jacks: I made a few bucks on it
Robin: Nice
Robin: Any well worth tricks to share? 😂
Jacks: Well it's more about strategy mate
Jacks: I can send you a few links to some good sites
Jacks: Check this out
Jacks: <file_other>
Jacks: <file_other>
Jacks: <file_other>
Robin: Cheers! I'll take a look",Jacks played poker on the Bulls Eye platform and made some money. Robin will read up on strategies for the game on sites recommended by Jacks.,Jacks played on the Bulls Eye poker platform several times. He made a few bucks on it.
"Sophie: When r u going to Poanań?
Murphy: On Tuesday. 
Sophie: And you're coming back the same day?
Murphy: Yes, in the afternoon, but I don't know the exact hour. ",Murphy is going to Poanań on Tuesday and coming back on the same day in the afternoon.,Murphy and Sophie are going to Poanań on Tuesday.
"Tim: Seen mum 2day?
Louise: Nope. she's with autn Grace
Tim: oh yeah i forgot
Louise: why u need her
Tim: nothing important. ok for now
Louise: ciao",Tim does not need mum for anything important at the moment.,Louise hasn't seen her mum for 2 days. She's with Grace.
"Steve: can you byt me some lunch?
Nick: sure, what do you want?
Steve: Anything but chicken.
Nick: gotcha",Nick will got some lunch for Steve - it can be anything but chicken. ,Nick will buy some chicken for Steve.
"Mika: Dear  Linda, would you like a few plants For your garden? All perennials.It would be a shame to throw them onto the compost heap.
Linda: Hello Mika: A nice offer, thank you, but I won't manage to do any gardening before leaving.
Mika: What a pity!",Linda refuses to accept plants for her garden from Mika. She would not be able to plant them before leaving.,Linda won't do any gardening before leaving.
"Joel: Hey, how are you guys doing? How's Coco?
Becky: She's actually sitting on my lap purring right now.
Trent: confirmed
Joel: no way :D pics or didn't happen!
Becky: <file_photo>
Joel: haha! It took you guys 2 days to win her over. She's usually not that easy.
Trent: maybe she remembers us visiting you?
Joel: Maybe... oh, man, I'm jealous ;) Is she behaving ok?
Becky: She's a total gem. Absolutely adorable.
Trent: tbh she does try to scratch the couch from time to time
Joel: you can just hiss at her or clap and she should stop
Trent: yeah, we do that like you said and it works
Joel: and if she wakes you in the morning you can just lock her out of the room until feeding time
Becky: she hasn't done that yet actually
Joel: I'm pretty sure it's coming :P
Trent: so far she's been really sweet
Joel: I'm glad. Just let me know if you need anything ok?
Becky: ok sure",Becky and Trent are taking care of Joel's cat Coco. Coco likes them both and is behaving rather well so far. ,Joel and Trent are visiting Coco. She's sitting on their lap purring right now.
"Frank: Hey
Hope: Hi :)
Frank: I love you
Hope: I love you too <3
Frank: Well, I HOPE so!
Hope: FRANKly, I really do ;) <3",Frank loves Hope and Hope loves Frank. ,Hope loves Frank.
"Michelle: OMG! OMG! OMG! Got news!
Rachel: C'mon! Spit it out!
Michelle: You won't believe it!
Rachel: But what?
Michelle: I can't believe it! So excited! 
Rachel: Don't leave me hanging! Tell me.
Michelle: You remember Monica? 
Rachel: Yeah. The ugly one?
Michelle: That's the one! 
Rachel: What about her?
Michelle: Well, we had an office party two months ago... 
Rachel: So?
Michelle: She got drunk and became really friendly with Ross... 
Rachel: How friendly? :)
Michelle: Like really friendly. Touching, kissing and so on... 
Rachel: So? C'mon!
Michelle: It turns out she's pregnant! 
Rachel: You don't say!
Michelle: Yeah! I know! 
Rachel: She told him yet?
Michelle: I don't think so. But there's more! 
Rachel: More? This is going to be good!
Michelle: Good? That's delicious!
Rachel: So?
Michelle: Ross is ""happily"" married ;) 
Rachel: I just spilt some water!
Michelle: I know!
Rachel: Keep me posted!
Michelle: Oh, I will. I will. Need to find out more. :) ","Monica had sex with Ross at an office party two months ago. She's pregnant, but didn't tell Ross about it, who's married.",Ross got drunk and became friendly with Monica. Monica got pregnant two months ago.
"Cindy: <file_gif>
Ellie: Why are you so sad? Something’s happened?
Cindy: I don’t want to talk about it…
Ellie: Cheer up! Tomorrow’s another day 😊
Cindy: <file_video>
Cindy: Have you seen it? It’s viral on the internet
Ellie: Nope, but it’s very funny 😊
Ellie: <file_gif>","Cindy is sad, but doesn't want to talk about the reason. Ellie hasn't seen the funny video that went viral. ",Ellie is sad because something has happened to Cindy.
"Doug: These shoes are SWEET!!!!!!!!!!!!!!!!!
Jeni: Jealous!
Doug: You should be! I be fly!",Doug has a cool pair of shoes.,Doug is jealous of Jenny's shoes.
"Teacher: Rashi, why are you so low? 
Rashi: Ma’am I’m a bit confused about my career. 
Teacher: What is your confusion?
Rashi: I was discussing with my friends about the career options. 
Teacher: Hmm.
Rashi: There are too many to choose from.
Teacher: Choose a career based on what truly interests you. 
Rashi: I have many that interests me. How does it determine the career?
Teacher: The passion you have for what you do drives you to success. 
Rashi: But what about earnings?
Teacher: Remember at some point of time one should learn to balance  between duties and success.
Rashi: How do I do that?
Teacher: Choose a career which interests you, get experienced and try to progress and widen the scope after a while.
Rashi: Hmm, ok.
Teacher: Something like earn and learn sort of..
Rashi: You are so right. I will remember this.
Teacher: So hope I managed to answer your questions.
Rashi: Yes mam! Thank you very much! 
Teacher : You are most welcome, Rashi.",Rashi is confused by too many career choices. Teacher advises him to choose something he has passion for and what interests him.,Rashi is confused about his career options. He wants to choose a career based on what interests him.
"Jamilla: remember that the audition starts at 7.30 P.M.
Kiki: which station?
Jamilla: Antena 3
Yoyo: roger that",The audition starts at 7.30 P.M. in Antena 3.,The audition starts at 7.30 P.M. on Antena 3.
"Louis: hey mum
Louis: mum?
Sara: yep, what's going on?
Sara: I'm on a pretty boring meeting right now :P
Louis: I was wondering what I could buy Lilly and Stephen
Louis: I mean for the wedding
Louis: I don't have any idea :(
Sara: Don't they have a list somewhere?
Sara: so that everyone can check what they actually need?",Louis doesn't know what he should give Lilly and Stephen as their wedding gift. Sara advises him to check if they have a gift list.,Louis is on a meeting with Sara. He wants to buy Lilly and Stephen for the wedding.
"Ty: do you speak French?
Veronica: no 
Ty: pity, I need a translator ",Ty needs a translator. Veronica doesn't speak French.,Veronica doesn't speak French.
"Damian: are you downtown?
Ethan: yes
Ethan: why?
Damian: can you buy me a kebab?
Damian: i'm starving
Ethan: why won't you cook something for both of us, huh?
Damian: man, give me a break, i had a rough day
Ethan: ok ok
Ethan: but i really wish you weren't such a parasite
Damian: i'll change, scout's honour",Ethan will buy Damian a kebab. Damian had a bad day.,Ethan will buy a kebab for Damian.
"Felipe: Your legs are amazing
Lydia: Well, thanks
Felipe: I hope you don't consider that sexist or offensive
Lydia: Of course I don't! Months at the gym are finally paying off XD",Felipe finds Lydia's legs attractive. She has been working out at the gym for months.,Lydia's legs are amazing.
"Max: I know I will never be famous music producer
Max: But check this out
Max: My latest project
Max: <file_other>
Jim: I'll listen to it when I get home.
Jim: Knowing you I'm sure it's good.
Max: Thanks
Max: Let me know what you think later
Jim: I will",Jim will check out Max's latest music project when he gets home.,Jim will listen to Max's latest project when he gets home.
"Michael: Sorry I can't make it today :(
Tom: well, ok... are you sure?
Michael: I'm really sorry, can't leave the office before 8pm 
Tom: it's okay, call me tomorrow
Michael: I will. Sorry again","Michael can't leave the office before 8 PM, so he's unable to meet with Tom. Michael will call Tom tomorrow.",Michael can't leave the office before 8 pm. Tom will call Michael tomorrow.
"Bradley: haha look a cat invaded the pitch at Goodison <file_other>
Jill: hahahaha
Julia: what a sweet little black ball of fur
Jill: here's the video :D <file_other>
Julia: haha
Bradley: and the commentary :D
Bradley: that's the best entertainment Everton fans have had all season :D",A sweet little black cat got into the pitch during the Everton's football match.,A cat invaded the pitch at Goodison.
"Mel: Hi, is Adam going to Multisports, Xander really wants to go this week.
Mair: Adam is moaning about going, but if Xand is going, he might be a bit keener. Do you want me to take them this week?
Mel: Would you? The house is a complete pigsty. Work has been full-on this week, pre sales and all that!
Mair: Yeah, I remember that. Glad to be out of it and the bitching and bullying, of course!
Mel: Yes, you had a nasty little bunch on your section. Most have left now, thank God! I'll bring him round at half 10, is that ok? I do appreciate this!
Mair: What are mates for! See you both tomorrow!",Adam is complaining about going to the gym. Mair will take Adam and Xander to the gym this week. Mel will bring Xander to Mair at half 10.,Xander is going to Multisports this week. Mair will bring him round at half 10.
"Avril: Hi!
Avril: Have you got plans for the weekend?
Frank: Hello, no, I don't. 
Frank: I mean I have some things to do, but nothing special. 
Avril: Do you like mushroom picking?
Frank: U serious?
Avril: :D :D :D
Avril: Of course not! ^^
Avril: But i'm going to see horse racing. U comin'?
Frank: Now, u r talking!
Frank: Sure I'll come with u!",Frank will join Avril at the races at the weekend.,Frank doesn't have plans for the weekend. Avril is going to see horse racing.
"Brett: So what do u do there? Drive a tank all the time?
John: Yes and no. U've got players from around the world and they have their tank squadrons and u battle them. Can be a lot of fun!
Andrew: So what happens if someone is on a higher level than u? They basically destroy u!
John: That's not a problem. The game doesn't allow higher ranked players o interact with players out of their range.
Brett: What do u mean?
John: If ur on lvl 5, a player on lvl 30 can't attack u. 
Andrew: Sensible. Unlike WoW.
John: So what's WoW like?
Andrew: Imagine having a character u rly like and u give it a lot of ur attention and get experience point, level up and so on. Someone who's played the game for like a year comes and kills u instantly.
Brett: Not cool. 
John: Yeah. Y would they allow such a thing?
Andrew: Well, open world, u can team up with anyone, do quests together, arrange fighting tactics and so on.
Brett: Actually, my cousin met his wife there :)
John: Rly?
Brett: Yeah. They were playing together for some time, talking and at some point he invited her to a date. Turned out they lived very close to each other ;)
Andrew: That's gr8! And how are they getting along now?
Brett: Most fights are about who gets 2 play at a given moment ;) 
John: Lol
Andrew: Well my favourite genre is RPGs :)
John: Can u name a title, except WoW?
Andrew: I can name a dozen, but one of my personal faves is the Final Fantasy series :)
Brett: What's this one about?
Andrew: Don't tell me u haven't heard about the greatest RPG series of all times?
John: Well, I haven't.
Andrew: I think I'll have to look for new friends... So embarrassing.
Brett: C'mon! Tell us!
Andrew: Fine... Usually u play a group of friends that have to resolve some kind of crisis. In the last part u play a prince whose kingdom has been destroyed and u try to well get revenge.
Brett: Sounds boring. 
Andrew: Believe me, it's not!",Brett's cousin met his wife while playing a game together. Andrew's favorite game is the Final Fantasy. Brett and John haven't heard about it.,"Brett's cousin met his wife on a date. The game is open world and players can team up with anyone, arrange fighting tactics and so on."
"Mazie: Me and mah girls are having a drink tonight.
Lee: Oh really? Where?
Mazie: Wouldn't you like to know...
Lee: Yes! So I can stay away!
Mazie: That's cold.
Lee: True, can't stand some of your friends.
Mazie: OIC...who?
Lee: Sheryl for one. She's a b-word that rhymes with witch.
Mazie: You just saw her on a bad day.
Lee: Don't think so!
Mazie: You did spill a drink on her.
Lee: Well...
Mazie:  You did!
Lee: I said sorry!
Mazie: LOL","Mazie and her girlfriends are having a drink tonight. Lee doesn't like some of her friends, for example Sheryl. Lee had spilt a drink on her.",Mazie and Lee are having a drink tonight. She spilled a drink on Sheryl.
"Marvin: When's the last time you got laid ?
Melany: I don't even remember..
Marvin: Hmm so there must be lots of cobwebs between your legs now huh hahaha",It's been very long since Melany last had sex. Marvin made an inappropriate joke about it.,Melany doesn't remember when she got laid.
"Dan: buy me a sandwich on your way to work.
Kevin: ok, no problem!
Dan: thanks!",Dan wants Kevin to buy him a sandwich on his way to work.,Kevin will buy Dan a sandwich on his way to work.
"Richard: Hey we have to start 
Richard: doing our project real soon
Holy: When is it due? 
Richard: 15 dec
Holy: Omg 😱😱😱
Anne: I completely forgot about it! 
Anne: You guys have time tomorrow? 
Holy: I am out of town! 
Richard: I do! 
Richard: Wanna meet up at Starbucks down 8th street? 
Anne: Sure
Anne: After 3pm? Works out? 
Richard: Ya and We will start planning out stuff
Holy: I will be back on Monday 
Holy: but I can do some research tonight
Holy: And send them back to you
Richard: Ok sure  😉 ","Richard's, Holy's and Anne's project is due on December 15. Anne and Richard are meeting tomorrow at Starbucks down 8th street at 3pm. Holy's out of town, but she'll do some research tonight and send it to them.",Richard and Holy are going to start their project tomorrow at Starbucks down 8th street. They will start planning out stuff after 3 pm.
"Ellie: hey, are you at the university?
Aaliyah: yep
Camille: I'm sick :/
Ellie: shiet....that's bad
Ellie: Aali, where are we having our classes now?
Aaliyah: 342 on the second floor",Ellie's class is in 342 on the second floor.,Aaliyah is sick. Camille is on the second floor. Ellie and Aaliyah are having their classes now.
"Megan: Any word from Jason?
Nathan: Why do you ask?
Megan: He was absent today :c
Susy: He had a dental appointment.
Megan: Thanks for the info :)",Jason had a dental appointment today and that's why he was absent.,Jason was absent today. Susy had a dental appointment.
"Drade: Mum he got out of the group chatting room
Marenda: I am sure he is angry!
Marenda: Why did you act that aggressively?
Marenda: You know your brother's temper
Drade: I just said what he had said was wrong!
Marenda: Apologize and send the invitation to him
Drade: Why should I?
Drade: I didn't say anything wrong!!!!!
Drade: He failed in his business, didn't he?
Marenda: But did you have to talk about it?
Drade: He acted like an asshole first
Marenda: Language! No need to talk about it more","Drade told her brother in the group chatting room that what he had said was wrong. Marenda thinks that he got out of it because he became angry, as he is short-tempered. Drade refuses to apologise and invite him again, since she feels that she is not the one to be blamed but him.",Drade's brother got out of the group chatting room. Drade apologizes and sends the invitation to him.
"Jake: What are your plans for the day?
Olivia: I haven't really got anything planned. There are some things I should do which I haven't looked at for a while
Jake: Like what?
Olivia: I ought to do my accounts. At least get all the incoming and outgoing invoices sorted by months.
Jake: Tax filing is a long way off.
Olivia: I know, but doing it all at the last minute is a dreadful headache.
Jake: Anything else?
Olivia: I also have a few videos I need to upload to YouTube.
Jake: Already ready or you still need to do post-production?
Olivia: I don't really do much by way of post-production. I'm not exactly Steven Spielberg.
Jake: I do, but I dont always have time to do much.
Olivia: If I put in any music I always get a copyright strike and someone else is taking the ad revenue
Jake: Yeah. And some of those claims are purely speculative. One time I put on one of my own pieces and it was challenged by Sony Music
Olivia: No way!
Jake: It's true. On the form you fill in to counter the claim I said if Sony want to make me one of their signed artists, that's fine. Otherwise to get they paws off of my music.",Olivia has to sort out her accounts and upload a few videos on YouTube. Jake is complaining that Sony Music tried to appropriate his own music.,Olivia needs to do her accounts and get all the incoming and outgoing invoices sorted by months. She also has a few videos she needs to upload to YouTube.
"Laura: Hey I have bad news 
Kristian: Is your mom ok? 
Laura: She passed away this morning
Laura: 😭
Kristian: Oh noo
Kristian: My condolences so sorry!
Anne: I am so sorry to hear that 
Laura: She fought hard
Laura: It was a hard battle
Kristian: You want us to come see you? 
Anne: We want to spend more time with u now
Laura: Sure
Anne: Stay strong girl ",Laura's mom passed away this morning. Anne and Kristian are showing their support to Laura.,Laura's mom passed away this morning. 
"Harris: How are U?
Lena: Fine, U?
Harris: Been better.
Lena: ?
Harris: My friend Aoki died yesterday.
Lena: O No!
Harris: Yeah.
Lena: What happened?
Harris: Not sure yet. Thinking the worst...
Lena: O how awful!
Harris: Yes.
Lena: You just never know.
Harris: True.
Lena: Had you seen her lately?
Harris: Not for a few months. She lives in Michigan.
Lena: Oh, that's far.
Harris: Not too far but far enough.
Lena: Right.
Harris: Got to go, mom's calling.
Lena: K bi. Feel better!
Harris: K will do","Harris' friend, Aoki, who lives in Michigan, died yesterday. Harris hasn't seen her for a few months.",Lena's friend Aoki died yesterday. Harris hasn't seen her for a few months. She lives in Michigan.
"Ryan: I have a bad feeling about this
Ryan: <file_other>
Sebastian: Ukraine...
Sebastian: This russian circus will never end...
Ryan: I hope the leaders of of nations will react somehow to this shit.
Sebastian: I hope so too :(",Ryan and Sebastian are worried about the political situation in Ukraine.,Ryan has a bad feeling about the situation in Ukraine.
"Sarah: omg Laura! sorry you didn't get any replies!!! Did you manage?
Laura: hahaha! Awksssss... no worries, I solved it
Sarah: awkward silence <crickets>
Laura: hahaha no it's all good really!!
Raf: Laura, I'm so sorry!!! been so swamped, totally forgot to text you back! where are you??
Sarah: Exotic little island called Linate :D 
Laura: Sarah which hotel are you at??? I'm here too!!!",Neither Raf nor Sarah remembered to reply to Laura but she managed anyway. Both Sarah and Laura are in Linate.,Laura has been swamped and forgot to text her back.
"Ursula: Haha I got a 93 on my French exam
Bob: Well done girl!
Jana: Wow 
Jana: How did u manage to do that
Ursula: I just studied hard for it
Jana: omg
Jana: French is so hard 
Vaughn: I got a 65
Vaughn: I didn't study for it haha
Ursula: At least you passed
Vaughn: Congrats! ","Ursula got 93 on her French exam. Vaughn got 65, but still passed.",Ursula got a 93 on her French exam. Vaughn got a 65.
"Pamela: Have you tried applying for the RGS grant?
Zoe: I did last year.
Zoe: Wasn't lucky...
Xiara: Me neither
Pamela: Do you know if I have to be a member?
Zoe: It depends on the award
Pamela: Ok I'll have a look at their website ",Pamela will look at their website to apply for the RGS grant. Zoe and Xiara applied last year but they weren't lucky. Sometimes you have to be a member to apply.,Zoe didn't apply for the RGS grant last year. Xiara doesn't know if she has to be a member.
"Bob:<file_other>
Bob: I bought this game and I think you should too
Bob: We could play 2gether
Harry: Sorry mate, no money to spend on this
Harry: I've got broken car nad shitty job, so for now I can't think about such leisure
Bob: Sorry to hear that.",Bob has bought a new game. Harry can't afford to do it at the moment.,Bob bought 2gether. Harry has a broken car so he can't play it.
"Hayden: Anyway I have 1 month to write my thesis. And then I need to decide what studies I should choose and I have a problem because I don't know what I can do in the future to make good money
Margaret: You'll find something
Hayden: And the only studies I'm interested in are African studies but I'm not sure I can make big money later on haha except for working in the embassy or something like that. I was thinking about working as a flight attendant. It would be easy for me to get that job since I can swim (and here it's obligatory) I'm even a water rescuer. I know English italian and polish and a bit of german.
Margaret: So go ahead for it
Hayden: But to be honest , I don't think so that job is so great. I can't work there forever and I'm not that sure I wanna risk every time hahah since flight accidents happen
Margaret: Hahahaha you shouldn't think about that
Hayden: But I don't wanna die hhahahahah
Margaret: It would be good you would get to travel a lot",Hayden must write her thesis in 1 month. She wonders what degree course would be the most beneficial for her. She's interested in African studies. Hayden claims she could be a flight attendant as she can swim and knows foreign languages.,Hayden has 1 month to write his thesis and then he needs to decide what studies he should choose. He doesn't know what he can do in the future to make good money. He is thinking about working as a flight attendant.
"Natalie: Have you been to this new club at Regents Street?
Judy: I'm going there this weekend!
Judy: I heard it's nice 
Denise: Yes! It's cool
Denise: I was there a few times already
Denise: I think it might be my new favourite club in town
Denise: The DJ is awesome
Judy: My friends were also praising the music
Natalie: That sounds great.
Natalie: I want to go.
Natalie: Can I go with you Judy?
Natalie: Are you going on Friday?
Judy: Sure.
Judy: I'm going on Saturday
Judy: With Miranda and Helen.
Natalie: Cool","Natalie is checking if it's worth going to the new club at Regents Street. Denise thinks the club is great. Judy's friends also recommend the place, so Judy is going there this weekend. Natalie will go to the club with Judy, Miranda and Helen on Saturday.",Judy is going to Regents Street this weekend with Denise and Miranda and Helen.
"Zoey: Hello dear friends, here something to cheer you up on a cold day.
Zoey: <file_gif>
Thomas: LOL
Thomas: Hi there in the tropics! How are you doing?
Zoey: Staying healthy? Everything's ok?
Thomas: We are fine, thanks. Everything here is ok. At night the temps fall to -3. Nice white ground frost in the morning.
Thomas: <file_photo>
Zoey: Looks so pretty! But we're happy to give these views a miss for a while :)
Thomas: On Sunday we had a walk around the summit of Belchen - in icy wind but by brilliant sunshine. I think we even got some suntan!
Thomas: <file_photo>
Zoey: Gosh! That's pretty! You'll hear from us soon. Take care!
Thomas: You too!",The temperatures where Thomas stays are -3 at night. There is frost in the morning. Zoey is in the tropics. Thomas had a walk around Belchen's summit on Sunday.,Zoey and Thomas are in the tropics. The temperatures fall to -3 at night. On Sunday they went for a walk around the summit of Belchen. They got some suntan.
"Carl: Where are u?
Carl: I'm still waiting for u!!!
Meg: I need 5 minutes more, I've lost my key somewhere :(",Carl is waiting for Meg who's running late as she can't find her key. ,Meg is still waiting for Carl.
"Monica: How are you doing?
Gaia: I'm fine, mum.
Monica: All good at the university?
Gaia: A lot of work, but all good.
Monica: I guess you'll have a lot of exams this term
Gaia: 6
Gaia: But only one is really hard ",Gaia has 6 exams this semestre. One is very difficult.,Gaia has a lot of work at the university. She will have 6 exams this term.
"Madeline: I'm really not happy with Martin’s requests, and Jada's way of dealing with his problems. But it's her responsibility. I probably shouldn't care, should I?
Alex: What happened?
Madeline: We had a little argument today, didn't you hear?
Alex: No, I think I was away or oblivious.
Madeline: Oh, ok. That's probably better 😂
Alex: Tomorrow u need to tell me what happened lol
Madeline: Are we going for a beer after?
Alex: Sure!
Madeline: Good, have a good night. See you tomorrow. More than 8 hours. Excited?
Alex: I can’t contain myself…",Madeline is in conflict with Martin and Jada. Alex and Madeline will go for a beer tomorrow. Madeline will explain her issues with Martin and Jada to Alex.,"Madeline is unhappy with Martin's requests, Jada's way of dealing with his problems. Alex and Madeline are going for a beer after."
"Jake: we don't have english today
Nadia: whooooah!
Vanessa: cool! you sure though?
Jake: Smith called in sick, they couldn't find a replacement, oh yeah",English classes were cancelled because Smith called in sick and replacement could not be found.,Jake and Nadia don't have english today because Smith called in sick.
"Rachel: I'm at the hospital, my aunt was in an accident...
Jessica: oh my God, is she alright?!
Rachel: Yes, she's bruised but she's fine
Rachel: Thank God...
Jessica: I'm so sorry, what happened?
Rachel: Some jackass was speeding and didn't see the red light...
Jessica: Did they catch him?
Rachel: Yes, he's gonna pay for the rehabilitation
Jessica: Better than nothing I suppose
Jessica: Give you aunt a hug from me, please (a light one :D)
Rachel: I will, thanks :*",Rachel's aunt had an accident and she's in hospital now. She's only bruised. The perpetrator of the accident is going to pay for the rehabilitation. ,Rachel's aunt was in an accident and she's fine. She was speeding and didn't see the red light. She will give her aunt a hug.
"Nick: You look absolutely gorgeous and have a lovely smile. 
Nick: Would love to get to know you a bit more. How about we meet up for a drink sometime?
Jane: Hmmm... You're shooting a bit above your range aren't you?
Nick: Why would you think that hon?
Jane: Because I'm not that desperate.
Nick: That was a bit below the belt.
Nick: You're nice but you're not THAT hot.
Jane: Oh is your poor little dick shriveling at the thought?
Nick: Actually I'll take it back. Forget about the drink.
Nick: Forget I ever wrote to you.
Jane: Bye loser!
Nick: Fucking bitch!
Jane: You're welcome!",Nick finds Jane pretty and invites her for a drink to get to know her better. Jane rejects Nick and is unpleasant to him. Nick suggests Jane to forget about their conversation.,Nick and Jane will meet for a drink sometime.
"Ashleigh: Looks like we're going to the cinema!! 
Ashleigh: <file_gif>
Peter: You got the job??
Ashleigh: I got hte job! :D
Peter: <file_gif>
Ashleigh: <file_gif>",Ashleigh got the job.,Ashleigh and Peter are going to the cinema.
"Marika: Are you coming today?
Lara: Yes!
Marika: Great!",Marika is coming today.,Lara is coming today.
"Sarah: Are you going back home for Passover?
Lia: Not sure yet, you?
Sarah: I'll be going.
Lia: I don't know. My family wants me to come but the tickets are so expensive and I have so much work. 
Sarah: I know. Same here. I bought my tickets yesterday.
Lia: How much did you pay?
Sarah: 500 quid.
Lia: It's expensive.
Sarah: What to do...
Lia: I'll see maybe my family can help me out. It would be lovely to spend holidays with them.
Sarah: This year we are going to the desert. The whole family will sleep in a huge tent.
Lia: That's great. Last year we went to Negev.
Sarah: Really? That's where we are going this year.
Lia: It is absolutely amazing. You will love it!
Sarah: :D
Lia: I wish I could go too...
Sarah: Passover is definitely my favourite holiday.
Lia: Mine too. I'll talk to my mum later. We'll see. When are you flying?
Sarah: On the 28th.
Lia: Great. ",Sarah paid 500 quid to go back home for Passover. Sarah is going to the desert with the whole family. Lia went to Negev last year. Passover is both Lia and Sarah's favorite holiday. Lia will talk to her mum about the tickets. Sarah is flying on the 28th.,Sarah is going back home for Passover. Her family wants her to come but the tickets are expensive. Sarah bought her tickets yesterday. She will see if her family can help her out.
"Natalie: Well well weeeeeell, I see somethings going on here at last
Martin: (Y)
Adam: any confirmed data?
Anna: Hello everyone!!! Id love to invite everybody to my bday. I would be extremaly happy if you could come 6th of November at 1930
Martin: <3
Margot: <3
Mia: (Y)",Anna organises a birthday's party on the 6th of November at 19:30.,"Natalie, Adam and Margot are going to celebrate Natalie's birthday on 6th November at 1930."
"Huda: going swimming wanna join?
Alex: sure.. what time?
Huda: in 2 hours 
Alex: ok i will be there then
Huda: see ya",Alex will go swimming toghether with Huda in two hours. ,Huda and Alex are going swimming in 2 hours.
"Morgan: Hey gorgeous, how’s your day?
Suzanne: Nothing special, it’s just one of many boring days at work. But… better now though!
Morgan: Are you working at all? 😉
Suzanne: I’m trying 😉 But you aren’t helping me, at all
Suzanne: I’m just taking a well-deserved break 😉
Morgan:  I miss you Suzie
Suzanne: I miss you too Morgan
Morgan: Do you feel like going to a concert next week? Maroon 5 is playing at the Hulu Theater at Madison Square Garden.
Morgan: As it happens, I’ve got two tickets 😉
Morgan: Do you want to go?
Suzanne: Really? OMG! That’s wonderful!
Suzanne: Thank you sweetheart!
Morgan: Oh, nothing. I just want you to be happy 😉",Suzanne is at work and is having a break now. Morgan invites Suzanne to a concert of Maroon 5 which takes place next week at the Hulu Theatre at Madison Square Garden. Suzzanne agrees.,Suzanne is having a boring day at work. Morgan is going to Maroon 5 concert next week.
"Marco: hi there! is this yours?
Marco: <file_photo>
Marco: somebody left it at my place yesterday
Sandra: ooops yes its mine
Sandra: its Millas present, I bought it right before your party
Sandra: can you bring it over?",Sandra bought a present for Milla right before Marco's party and left it in his place. She asks Marco to bring it over. ,Marco bought Millas present at Sandra's place yesterday. Sandra will bring it over.
"Dane: Morning
Zariah: Morning
Dane: How are you
Zariah: In general ok but I have a big pain in my back. U?
Dane: From what ? I'm alright
Zariah: Almost every day I have had such a pain recently. Maybe because of the bed. But to be honest I don't think so since earlier it wasn't like this
Dane: Ok",Zariah has been suffering from back pain recently.,Zariah has a big pain in his back.
"Alan: i sent you an email
Alan: why haven't you replied?
Ruth: never got it
Ruth: please send it again
Alan: sending it right now
Alan: it has an attachment
Alan: if you can't open it let me know
Ruth: just got it and didn't have trouble opening the attachment
Alan: that's great",Ruth got an email with an attachment from Alan. ,Alan sent Ruth an email. Ruth hasn't replied.
"Tina: Hi, darling? Are you ok?
Steve: Hi, babe. I'm fine. You?
Tina: OK :-) Love you :-*
Steve: Love you, too.
Tina: How about pasta for dinner?
Steve: Sounds great!
Tina: With broccoli, ham, cheese and cream?
Steve: Scrumptious. 
Tina: Your favourite.
Steve: Indeed.
Tina: But there is a snag.
Steve: Too perfect to be true?
Tina: It's not about that. We'd need to do some shopping after work.Can you handle it yourself?
Steve: Can we handle it together? You know how scatterbrained I am when it comes to shopping lists.
Tina: I do know!
Steve: Together?
Tina: Fine. Will you be leaving work on time?
Steve: Guess so. I don't expect any problems.
Tina: Ok. Let's meet in the car park, shall we? 
Steve: Sure. 
Tina: Miss you :-*
Steve: Miss you, too :-*
Tina: See you later :-)",Tina and Steve are having pasta for dinner. They'll meet in the car park after Steve finishes work. They'll do the shopping together.,Tina and Steve will meet in the car park to do some shopping after work.
"Celia: Where do you want to go for Holiday ?
Mike: I was thinking about Egypt
Celia: Too hot. What about Croatia ?
Mike: Good idea, I've never been there","Mike considers going to Egypt for holiday. It's too hot for Celia, she suggests Croatia instead. Mark likes the idea, he's never been there. ",Mike and Celia are going for a holiday in Croatia.
"Ella: Hey my dear family, could i ask you to confrim that youre coming and if you have any dietary requirements through this link. I need this information for the catering company. HUgs <file_other>
Barbara: Done!!!
Eva: <3
Barbara: I flled out for mom too
Ella: I saw that
Barbara: (Y)",Barbara and Eva described their dietary requirements in the website given by Ella.,Ella wants to confrim that she's coming and if she has any dietary requirements for the catering company. Eva flled out for mom.
"Freddie: Nanna, are you coming to visit us soon?
Winnie: Oh darling, Nanna has broken her leg, you'll have to visit me instead.
Freddie: I forgott. Well come soon.
Winnie: Good, ask Mummy and Daddy and they will come when they can.
Freddie: Yes love you. Leg better soon?
Winnie: Yes, quite soon. Tell mummy to ring me. Bye darling xxxxx",Winnie has broken her leg and will not visit any time soon. Freddie will ask mummy to call Winnie up.,Nanna broke her leg. Freddie will come to visit her soon.
"Maxwell: Thank you for tonight, payment as usual?
Jeanice: Yes, 8 hours
Maxwell: What would I do without you…
Jeanice: That’s my job :D
Maxwell: But you can do your job good or bad… I’m grateful I found you
Jeanice: Me too, our cooperation is very good ^^
Maxwell: And the kids… They really like you
Jeanice: I know, they’re cute
Maxwell: Wait, I heard there was some problem with Marcus at school…
Jeanice: Nothing very serious, he argued with a friend but they didn’t fight
Maxwell: Oh, ok, the teacher sounded like it was something terrible
Jeanice: In a way it was, he didn’t want to stop when a teacher reacted and he was pretty aggressive
Maxwell: That’s worse… Have you noticed him behaving in a strange way recently?
Jeanice: Not at all, cute as usual. But… he gets very angry for stupid reasons
Maxwell: For example?
Jeanice: You know, his sister taking sth from him… He’s not aggressive but more… loud than usual, if you know what I mean
Maxwell: Yes, I understand, I need to do something about it. Anyway, thank you for informing me.
Jeanice: No problem Mr. Hall, I’m always here to help ;)
Maxwell: We could grab a coffee some time and talk through all the issues.
Jeanice: Yea, maybe, I have to go,  I'll let you know
Maxwell: OK, thanks, you're the best :)","Maxwell pays Jeanice for 8 hours of babysitting and is grateful he found her. His son argued with a friend at school, and got agressive when the teacher reacted. Jeanice hasn't noticed if he has acted strangely recently. Maxwell and Jeanice can grab a coffe some time to discuss all the issues. ",Maxwell paid Jeanice for 8 hours of work tonight. Jeanice's son Marcus is behaving in a strange way recently. Maxwell wants to talk to Jeanice about Marcus.
"Hans: come to the practice
Slade: NOW??
Hans: yes, now
Slade: alright
Hans: and bring the ball as well XD we dont have it here ;P
Slade: -_-",Hans asks Slade to bring the ball and come to the practice.,Hans will come to the practice and bring the ball.
"Josh: Hey..
Michelle: Hi
Josh: so, are we still on for tomorrow night at the movies.
Michelle: Yeah, pick me up at 7
Josh: cool, cant wait,
Michelle: Me too",Michelle and Josh's plan to go to the movies tomorrow night is still valid. Josh will pick Michelle up at 7.,Josh and Michelle are going to the movies tomorrow at 7.
"Ryan: You're going to the casting? 
Ryan: So you think you can dance 🤩
Jack: I am! 
Jack: this time im going
Ryan: U should go really
Jack: I know, wanna come with me? 
Ryan: I thought about it! 
Jack: Nice well! I will meet you there! 😝😝😝",Ryan and Jack are going to the casting for a dance show.,Ryan and Jack are going to the casting. Jack will come with Ryan.
"Lisa: Hello Peter. What have you been doing off late?
Peter: Bit busy with work.
Lisa: Too much of work, huh?
Peter: Not really, I’ve been working out
Lisa:  Ohh, trying to get in shape?
Peter: Nah, I don’t have much of weight to lose, just want to improve my health.
Lisa:  That’s a good thought. I was also thinking of working out a bit. What do you do? Do you go to a Gym?
Peter: Yes, I hold a membership with the one near our office.
Lisa: Which exercises do you do regularly?
Peter: I do weights and run on the treadmill.
Lisa:  Besides exercises, I think I need to eat better to help me keep in shape.
Peter: Another major requirement for good health is sleep. On an average one requires at least 7-8 hours of sleep.
Lisa:  There are a lot of things we can do to stay healthy.
Peter: Yes. One needs to maintain a regime to stay healthy for a long term.",Peter has been working out at the gym near their office lately to improve his health. Lisa is considering working out and eating better to be healthier.,Peter has been busy with work. He has been working out regularly. He wants to improve his health. He does weights and runs on the treadmill.
"Charlie: How are you doing.
Daisy: Good, seeing a lot of beautiful places
Charlie: Where are you now?
Daisy: in Naples 
Charlie: Pity, I hoped you may be still in Sicily.
Daisy: No, we took a ferry early in the morning yesterday.
Charlie: I am still thinking about the evening we spent together.
Daisy: Yes, it was nice.
Charlie: I would like to meet you again.
Daisy: But where?
Charlie: Either in the US or here.
Daisy: But we're heading North now. Rome, Florence, Venice.
Charlie: And you're flying to NY?
Daisy: No, directly to San Fransisco.
Charlie: Too bad.
Daisy: I know.
Charlie: I think I will take a train to Florence.
Daisy: wow, are you sure?
Charlie: More than sure. When are you going to be there?
Daisy: 1-5 of September.
Charlie: Perfect. I want to see this amazing city with you.
Daisy: I am looking forward to it!
Charlie: Me too!",Daisy is in Naples. Charlie recalls their meeting and wants to see her again. He will come to Florence to see Daisy between 1-5 September.,Daisy and Charlie are in Naples. They took a ferry early in the morning yesterday. They spent the evening together yesterday. Charlie will take a train to Florence on 1-5 September.
"Margaret: Honey, buy me some painkiller.
Jack: What is going on?
Margaret: Terrible headache!
Jack: Maybe you should rest!",Margaret is suffering from a terrible headache and wants Jack to buy her some painkillers. ,Margaret has a terrible headache. Jack will buy her some painkillers.
"Trevor: I've got a bit of a problem, Uncle
Richard: Have you, Trevor?
Trevor: Yes, Uncle I need to get you advice on how to break this to Dad
Richard: You haven't gone and got that Abigail up the duff have you?
Trevor: That's the long and short of it, Uncle.
Richard: Shit. How did that happen?
Trevor: Well, it's her father's fault, Uncle.
Richard: Her father's fault? And him a church pastor?
Trevor: Yes, Uncle. She has sneaked me into the house really quietly and we are in her bedroom doing it.
Richard: Fucking hell. Do go on.
Trevor: And we haven't got any condoms so I am planning to pull out at the last moment
Richard: Unbelieveable: Bloody idiot. What then?
Trevor: So I am just pulling out and all of a sudden in bursts her father and delivers me such a kick up the arse that I am back in there coming.
Richard: So you say it is all his fault, then? Incredible.
Trevor: Yes. 
Richard: So maybe we can get him to pay the child support instead of you then, eh?","Trevor got Abigail pregnant. When they were having sex without protection her father, a church pastor, kicked Trevor in the butt and Trevor came inside Abigail. ",Trevor has a problem with Abigail. Trevor is going to give Richard advice on how to break it to Dad.
"Tomas: Has anybody received the grant yet?
Sierra: no, not yet
Jeremy: I haven't checked even
Tomas: I'm completely broke
Tomas: checking my bank account every hour
Tomas: but nothing's happening there
Sierra: lol
Sierra: be patient. If you need money I can lend you some, don't worry
Tomas: Thanks, I hope they'll arrive any minute","Tomas, Sierra and Jeremy have still not received the grant. Tomas is broke and is checking his bank account every hour. Sierra offers to lend him some money.",Sierra hasn't received the grant yet. Jeremy hasn't checked his bank account.
"Hannah: Are you watching the game?
James: No I am head to work : ( 
Hannah: Oh okay",James is heading to work so he's not watching the game.,James is not watching the game.
"Willy: Your car is friggin' awesome!!
Vinny: I know ;) No, but seriously, I've always wanted a Mustang, and a red one too!
Willy: Maybe you can lend it to me for a day or so :)
Vinny: Yeah, right. We can car pool together a couple of days a week. 
Willy: Ok, deal.",Willy and Vinny will car pool with Winny's red Mustang.,Vinny has always wanted a Mustang and a red one. Lilly will lend it to her for a day or so.
"Whitney: Hello
Hailey:  Hey
Whitney: Have you been to I-max cinemas?
Hailey: Nop
Hailey:  You planning on taking me?
Whitney: Mmmh maybe
Whitney: But it all depends if you will be available the day Aqua man is being released
Hailey:  I'll break the laws to make time for it😂
Whitney: Haha. Then it is a deal
Hailey:  Cool.
Whitney: Before I forget Shadrack and his girlfriend will be accompanying us
Hailey:  Even better.
Whitney: Fine. I guess I will see you then.
Hailey:  Definitely",Hailey hasn't been to I-max cinema yet and Whitney wants to take her to one to watch Aquaman. Hailey'll do everything to find some time for it. Whitney informs Hailey that Shadrack and his girlfriend are going with them.,Whitney will take Hailey to I-max cinemas on the day Aqua man is released.
"Gina: did u lock the door
Warren: yes
Gina: good, thanks",Warren locked the door.,Warren locked the door.
"Raymond: Charlotte! Help!
Charlotte: What's up bro??
Raymond: What do I want to eat, pizza or pasta?
Charlotte: Hmm.. What kind of pizza and what kind of pasta?
Raymond: So I have a regular cheese and pepperoni pizza and I was thinking some pesto pennes.
Charlotte: Oo, those both sound good. 
Raymond: That's not helpful.
Charlotte: Have the pizza!
Raymond: But pasta sounds so good. 
Charlotte: Then have the pasta silly. 
Raymond: But the pizza sounds delicious too. 
Charlotte: Omg Raymond, make up your mind. 
Raymond: I can't! Please help me. 
Charlotte: Why not have both?
Raymond: Well, that's just unreasonable no?
Charlotte: How about this. I come over and we have both!
Raymond: That could work. That way I would eat the same amount but of the two things I want to eat.
Charlotte: Alright, so I'm going to head over in like 10 minutes. That sound good?
Raymond: For sure. Oh, and bring wine!
Charlotte: Yes sir. See you in 15. ",Raymond can't decide whether he wants pizza or pasta. He invites Charlotte over for a dinner at 15.,Raymond and Charlotte are going to have pizza and pasta in 10 minutes. Charlotte will bring wine.
"Gary: Hey, don't forget about Tom's bday party!
Lara: I won't! What time should I show up?
Gary: Around 5 pm. He's supposed to be back home at 5:30, so we'll have just enough time to prep things up.
Lara: You're such a great boyfriend. He will be so happy!
Gary: Yep, I am :)
Lara: So I'll just pick up the cake and get the balloons...
Gary: Thanks, you're so helpful. I've already paid for the cake.
Lara: No problem, see you at 5 pm!
Gary: See you!",It's Tom's birthday. Lara and Gary will come to Tom's place about 5 pm to prepare everything before Tom gets back home at 5:30. Gary has already paid for the cake - Lara will pick it up and she will also get the balloons. ,Gary is going to Tom's birthday party around 5 pm. Lara will pick up the cake and get the balloons.
"Mia: What time does the movie start?
Steven: At 9pm
Mia: Would you like to grab something to eat before that?
Steven: Sure, let's meet at 8 then. Chinese?
Mia: Always :)",Mia and Steven want to grab some Chinese at 8.,Steven and Mia will meet at 8 for Chinese.
"William: hey im making spaghetti
William: could you please buy some fresh tomatoes
William: pretty please :)
Olivia: no problem dear :)
William: and Beth? it wouldn't hurt to have some chocolate for after the dinner :D
Beth: I'm on it :D",William is making spaghetti. Olivia will buy fresh tomatoes for William. Beth will buy chocolate.,William is making spaghetti with fresh tomatoes. Olivia and Beth will buy some chocolate for after the dinner.
"Ally: how many did you do so far?
Jill: like 20 or 30
Jill: I can't do more than 3-4 per day
Ally: how many hours?
Jill: 40? maybe 35...
Ally: ok, same here","Jill did 20 or 30 so far, 3-4 per day, 40 or 35 hours, so the same as Ally.",Jill can't do more than 3-4 per day.
"Mike: Do u have new John's number?
Ann: No, u should ask Mary.
Mike: Ok, thank u :*",Mike will ask Mary for John's new number.,Ann will ask Mary if she has new John's number.
"William: are you still angry?
Emilia: YES 
William: :(",Emilia is still angry.,Emilia is angry.
"Barbara: I'm home already, you can come over
Sean: May I bring the dog?
Zac: I'm on my way
Barbara: sure you can, Sean
Barbara: do you want to stay overnight?
Sean: great!
Sean: I thought about it
Barbara: nice!","Barbara, Sean and Zac are meeting at Barbara's place tonight. Sean will bring the dog. Sean and Zac will stay overnight.",Sean will come over to Barbara's place overnight.
"Adelina: Hi handsome. Where you you come from?
Cyprien: What do you mean?
Adelina: What do you mean, ""what do you mean""? It's a simple question, where do you come from?
Cyprien: Well I was born in Jarrow, live in London now, so you could say I came from either of those places
Cyprien: I was educated in Loughborouogh, so in a sense I came from there.
Adelina: OK. 
Cyprien: In another sense I come from my mother's vagina, but I dare say everyone can say that.
Adelina: Are you all right?
Cyprien: IN another sense I come from the atoms in the air that I breath or the food I eat, which comes to me from many places, so all I can say is ""I come from Planet Earth"".
Adelina: OK, bye. If you're gonna be a dick...
Cyprien: Wait, what you got against earthlings?",Cyprien irritates Adelina by giving too many responses.,"Cyprien was born in Jarrow, live in London now. He was educated in Loughborouogh, so in a sense he comes from Planet Earth."
"Ania: Let's go together to the church tomorrow
Kasia: what a wonderful idea! to praise Mary the Queen of Poland together! So beautiful
Jan: Yes, let's do it!
Zuzia: I don't think a boy should go with us, find yourself other friends, some boys
Ania: I agree, it's inappropriate ","Ania, Kasia, Zuzia and Jan want to go to the church tomorrow. Ania and Zuzia do not find it appropriate to go to the church with a boy.","Ania, Jan and Zuzia are going to the church tomorrow to praise Mary the Queen of Poland together."
"Ola: Hey running late
Ola: I should be free by 8
Kurt: Sure no prob, call me",Ola should be free by 8. Kurt wants her to call him.,Ola will be free by 8. Kurt will call Ola.
"John: hey laurel?
Laurel: hey 
John: whats your plan for tomorrow?
Laurel: aint that sure yet, why?
John: nothing much, just wanted to go with you and buy a birthday gift for Diana.
Laurel: OMG! i also totally forgot that her birthday is on saturday, shit!
John: you see im not the only late one here. haha
Laurel: I guess we can meet up tomorrow and go fetch something for her.
John: cool, at what time?
Laurel: lets just meet at jades at around 5 pm
John: At Jade's collection? in town?
Laurel: yeah, that place..
John: see you then.",Laurel and John meet at Jades tomorrow at 5 pm to buy a birthday gift for Diana. Diana's birthday is on Saturday.,Laurel and John will meet tomorrow at Jade's collection at around 5 pm to buy Diana a birthday gift.
"Ken: Hey, how are you doing today?
Ellen: Fine. How are you?
Ken: Not doing well at all today. Really depressed. Frustrated. Stressed out.
Ellen: Oh no!
Ken: Really bad day yesterday carrying over to today.
Ellen: Can I do anything?
Ken: I'll be fine. Just overwhelmed and burned out.
Ellen: Sorry!
Ken: Sorry, don't mean to bring you down.
Ellen: You didn't, just worried about you!",Ken is having some bad days.,Ken has a bad day yesterday. He feels overwhelmed and burned out.
"Mario: I’ve landed in every airport in Europe today - completely whacked out dude.
Klara: Where are you now?
Mario: Waiting in Luxembourg now.
Eddie: Have fun dude.
Moe: Only because you love flying so much 😉
Mario: weather was good for flying everywhere 🙂 Otherwise it would have been trains everywhere 🙂
Moe: Mario  be safe bro
Mario: You too bro 🙂",Mario is waiting on the airport in Luxemburg now.,Mario has landed in every airport in Europe today. He is waiting in Luxembourg now.
"Emma: You havent been back yet? and where's shake
William: I have been in que for past 20 minutes. Too much rush here
Emma: Ok Hurry up. We cant wait anymore :( 
William: Dont worry. Its my turn up next
Emma: :D 
William: Coming back in 5
Emma: Ok waiting",William is coming back in 5 minutes as he had to queue for 20 minutes.,William has been waiting for Emma for 20 minutes. Emma is coming back in 5 minutes.
"Jill: so how was your date anyway? :)
Susan: it was perfect, he was so sweet!! <3
Jill: tell me everything!!
Susan: so first he picked me up from home, all dressed up and everything
Jill: suit on? :D
Susan: nooo, not like that, but he had a really nice black shirt, elegant shoes, looked like Brad Pitt hahaha
Jill: hahahahaha
Susan: <file_gif>
Jill: so where did he take you?
Susan: that's the best part! We went to rollerskating disco!!!
Jill: rollerskating what? are you serious? :/
Susan: no no, listen - it was so awesome, I am tired of all this dull restaurant dates and stuff, it was actually something original
Jill: if you say so...
Susan: you are just jealous Jill :D
Jill: I am not!!!!!!!
Susan: yes you are :*",Susan went on a date to the rollerskating disco and she enjoyed it. Jill doesn't find it exciting.,Susan and Brad Pitt went to rollerskating disco.
"Matt: Hey
Matt: I got my ticket for Dawid Podsiadlo!!!
Matt: So stoked!
Thomas: Whooaa that's great!!
Matt: I will see you there then! 
Thomas: Yes for sure
Thomas: Remind me before 
Thomas: Like the day before k? 
Matt: For sure 
Matt: Who you're going with 
Thomas: by myself for now
Thomas: I meant until now haha
Matt: Right on 
Matt: I am so stoked tho
Thomas: Me too 
Matt: I might ask a few more people if they're coming ;) 
Thomas: Maria was interested I think 
Thomas: But I am not too sure
Thomas: i will ask her","Matt got a ticket for Dawid Podsiadlo's concert. Thomas is going, too.",Matt got his ticket for Dawid Podsiadlo. Thomas will ask Maria and Maria if they're coming.
"Sophia: I'm sorry
Mason: It's fine
Sophia: Ok...If u was there, I would give you a hot kiss for apologize
Mason: Hahaha. You still send me a photo one
Sophia: What photo?
Mason: Kiss photo. Haha
Sophia: Hehe I sent u already such a photo
Mason: Another one wouldn't hurt
Sophia: Maybe later :) When I take a shower and look good
Mason: And who says you don't look good now ?
Sophia: Me
Mason: Let me be the judge of that
Sophia: No
Mason: I'll still love you the same. Whether you have make up or not
Sophia: Hehe but I don't  want u to see me when I do not look good
Mason: You must
Sophia: I must what?
Mason: Send me the kiss now
Sophia: Haha
Mason: Doesn't matter how you look, you'll still look good to me
Sophia: Hahah
Sophia: <file_photo>",Sophia apologizes to Mason. She sends him a kiss photo on his request.,Sophia sends Mason a photo of herself. Mason will give her a kiss.
"Stan: She replied :-)
Dave: She did?
Stan: <file_photo>
Dave: Lucky you!
Stan: I can't believe it! She's my dream come true!
Dave: Good luck today! Where are you going to take her?
Stan: Pat&Gill's
Dave: Good choice. Let me know how it was :-)
Stan: I will.
Dave: In minute detail :-)
Stan: Forget it!",Stan is meeting the girl of his dreams today in Pat&Gill's. Later he's going to tell Dave how his date went.,Dave will take Stan to Pat&Gill's today.
"Erin: hey what's up. what you're doing today? Would you find some time to do the interview? :)
Ashley: Hi! I’m free whenever
Erin: Great, are you at the camp?
Ashley: Yep, I’m here now.
Erin: Ok I can come over there
Ashley: Sounds good. Just shoot me a message and we can meet at the pool or restaurant
Erin: Alright!
Erin: Is the wifi good today?
Ashley: Yeah pretty decent, but usually it's less spotty in the restaurant area
Erin: Ok I see, so the restaurant it is
Ashley: Alright
Erin: I'm on my way!
Ashley: I'm sitting in the back",Erin will meet Ashley in the restaurant for the interview. ,Ashley is at the camp. Erin will meet her at the pool or restaurant.
"Aude: Hi Susie, how is Ted this morning? Did you find plasters?
Susie: yes. He kept them till this morning after his shower.
Aude: he must look sexy whith them... lol
Susie: a  memory from  Poland!",Susie found the plasters and Ted kept them until the morning.,Susie found plasters from Poland.
"Lindsey: Sup?
Sage: Nothing just having a beer. You?
Lindsey: I have just finished my class
Sage: Cool
Lindsey: I mean I should go for another class also
Sage: Oh really
Lindsey: But earlier I asked one girl to put my name on the attendance list instead of me :)
Sage: Hahaha. Naughty naughty!
Lindsey: Last week I did the same. I just hope that those signatures ( since last week I asked another girl) will be enough similar to mine. Because I gave them a piece of paper with my name written on it
Sage: Good luck haha","Sage is having a beer. Lindsey has just finished her class but is not going to the next one. Just like last week, Lindsey has asked a classmate to fake her signature on the attendance list.",Lindsey has just finished her class and wants to go for another one. She asked one girl to put her name on the attendance list instead of her.
"Brook: something happened yesterday, you need to come and see
Gyle: is it bad?
Brook: you better come home
Gyle: On my way",Brook wants Gyle to come and see what happened yesterday. ,Brook needs to come home because something happened yesterday. 
"Laura: Sooo.. what about Aquaman? Are we going to see it or not? ;)
Kelsey: Hell yeah :D
Oona: I'm in
Sid: IN
Laura: Wednesday?
Oona: I can't. I'm free Thursday- Saturday.
Kelsey: Whatever works for you guys, I'm a no-life :P
Sid: Thursday
Laura: Thursday will be fine - but I'm only free after 7 PM
Sid: ok
Kelsey: cool
Oona: I'm checking the showtimes - is 8:10 okay for y'all?
Laura: sounds good
Kelsey: cool cool
Sid: still in
Laura: Oona, will you get the tickets or should I?
Oona: I'll do it, you'll just pay me back later
Sid: cool","Laura, Kelsey, Oona and Sid are going to see ""Aquaman"" on Thursday at 8:10 pm. Oona will get the tickets.",Oona can't go to Aquaman because she's free Thursday- Saturday. Laura will pay for the tickets.
"Albert: I've just passed the driving exam holy fuck!
Albert: 4th attempt!
Juliet: Congrats mate! Now nothing can stop you 💪",Albert has passed his driving test on the 4th attempt.,Albert has just passed the driving exam.
"Vicky: Is everyone still at town sq? I might have to meet you all at fratellis
Audrey: I can be there for 7.30pm assuming no traffic incidents!
Ludovica: Yes, we're here Vicky!
Greg: Trying not to fall asleep having sat down at home! 😱 Will get down for around 7
Vicky: Heading to fratellis shortly
Michelle: If you wait for me in front of Town Square, I shall be there in 10 mins
Ludovica: We'll leave town Square very soon! If you get to fratelli's before us, the booking is in Brandon’s name!
Brandon: 10 mins Michelle? We've just left😂
Michelle: Just closed the office and it's rainiiiing. Well...I have a nice car here looking at me 😁
Ryan: C'mon NO! No driving today.
Vicky: I’m here!
Audrey: Can't get a taxi so Marty and kids bringing me over... will be about ten mins x
Ryan: 🎉 We're upstairs Audrey","They are meeting at Fratellis, upstairs.","Vicky, Audrey, Marty and kids will meet Vicky at Town Square in 10 minutes. "
"Myah: <file_photo>
Selah: I can't see the phone number very well. Rewrite it plz
Myah: <file_photo>
Selah: The phone of that person is off",Selah called a person that did not pick up.,Selah can't see the phone number of the person.
"Adam: it was me who called u
Adam: call me back or text me when u can;-)
Tina: sorry, I'm still at work..
Tina: so many pple today:/ :/
Tina: dunno what time I can leave and actually my phone is dying...
Adam: I see, u can call me once you're back home, I won't be sleeping until late
Tina: ok, and if it's really late then I'll call u 2morrow
Adam: but don't do it before 9!;-)
Tina: sure thing;-)",Adam called Tina. She is at work. Her cell's battery's low. She will cal Adam later in the evening or tomorrow after 9 am.,Adam will call Tina when he's back home.
"Ron: check your email :P
Josh: what did u send me?
Ron: sth you want to have.  
Ron: Check :D :D",Josh should check the email from Ron. ,Ron sends Josh an email.
"Cristina: Hey
Cristina: Do you think we can meet up next week to discuss the shoot?
Gaya: Yes, I just need to double check my schedule
Gaya: If you like we can meet at my studio?
Gaya: It's easier
Cristina: Ok
Cristina: I'm more free on Wednesday and Friday
Gaya: Ok ;)",Gaya and Cristina are going to meet at Gaya's studio to talk about the photoshoot. Cristina prefers Wednesdays and Fridays.,Gaya and Cristina will meet next week at Cristina's studio to discuss the shoot.
"Jacopo: hey, did you have a favorite dinosaur growing up?
Ludmila: yes, triceratops. why?
Jacopo: i'll tell you why later.",Ludmila's favourite dinosaur when she was little was the Triceratops.,Ludmila had a favorite dinosaur growing up.
"Joana: wana play some games?
Sandy: what games?
Joana: maybe dixit?
Joana: or carcassonne?
Sandy: why not?
Joana: ok, I'll bring them 2 u
Sandy: great :)",Joana will bring Sandy some games like dixit and carcassonne.,Joana and Sandy will play dixit and carcassonne.
"Thelma: i dont have anything to wear
Louisa: your wardrobe is full of clothes
Thelma: but i have to look wonderful
Louisa: ok i can bring you my red velvet dress
Thelma: really? :O
Thelma: it would be great!
Louisa: no problem ;)",Louisa will lend Thelma her red velvet dress.,Thelma doesn't have anything to wear. She will bring Louise her red velvet dress.
"Pet shop: Hi Breann&Dianne!👋 🐶😻 Here is a 10% coupon code (pawesome10) for new customers when you checkout! -> <link_other>
Breann: oh thank you!!!!
Pet shop: Breann, our pleasure! 🐶
Dianne: Thank you! Now, to pick the colors!
Pet shop: Red and Gray our the most popular!! :)
Breann: I wish there was cheetah. 😔
Pet shop: Breann, Do you mean cheetah print?
Breann: yes.
Pet shop: We do have them! Check out this pet hut! --> <link_other>
Breann: omg thank you!!!!!!
Pet shop: Our pleasure!! :) :) :)
Dianne: Thank you! Bye!",Breann and Dianne are going to buy a cheetah print pet hut with a 10% coupon code.,Pet shop offers a 10% coupon code for new customers when you checkout.
"Jane: Don't ever go to La Perle :<
Eddie: Why? You love this place
Jane: Used to love this place, not any more
Anne: We've just been there with Jane and Ella
Anne: Now we're getting out ER
Eddie: Dear god what happened?! Are you all right?
Jane: Now I'm good, but they almost killed me
Jane: You know I'm allergic to peanuts
Eddie: Oh no they didn't...
Anne: we ordered some cake, Jane asked for a cheesecake just to be sure
Jane: I told them I'm allergic and they ensured me there's not even a trace of peanuts
Jane: I started swelling after the first bite - apparently there were crushed nuts in the crust
Eddie: I think you should sue them. They really could have killed you
Anne: I told her the same thing, who knows how many people they killed?
Jane: I just don't get how ignorant you have to be to do something like this","Jane, Anne and Ella have been to La Perle. Jane ate cheesecake and got an allergic reaction. They are getting out of ER. ",Jane and Ella have just been to La Perle. Jane is allergic to peanuts.
"Nadia: heeeeey how are you?
Jannet: hey, I'm cool, we just got up and now we're doing some breakfast :D how are you guys?
Nadia: cool, we just woke up like 20min ago and will eat something too
Jannet: nice :D thank you guys for coming yesterday, it was really nice to have you here, I hope you had fun
Nadia: of course we had, I hope we will repeat it soon :)
Jannet: sure, we just have to wait for the neighbours to forget about us, cause it was fuckin loud yesterday xD
Nadia: hahahah yeah it was
Nadia: but it was really cool, I'm still in a very dancing mood
Jannet: perfect, the next time we're going to the disco then :D
Nadia: sounds cool ;)",Jannet thanks Nadia for coming to her place yesterday. Nadia enjoyed the party and is still in a dancing mood. They are going to the disco next time.,Nadia and Jannet just got up and are doing some breakfast. They will go to the disco next time.
"Emma: How was New Year's Eve? :)
Josh: nice, just a bunch of close friends at my place
Emma: sounds cosy
Josh: yeah we had some wine and played board games
Emma: sounds lame :P
Josh: haha nope just getting older
Josh: huge parties and dance clubs are not that exciting anymore
Emma: oh come on you are not 70
Josh: not 20 either ;)
Emma: haha
Josh: how was yours?
Josh: I saw some pictures on fb, did you go away?
Emma: yeah we drove to the seaside, visited bunch of clubs
Emma: ended up on the beach for midnight
Josh: wasn't it freezing?
Emma: had my beer jacket on :D
Josh: lol
Emma: I have a cold now
Josh: that's the risk of a beer jacket!",Josh spent New Year's Eve with his close friends at his place. They drank some wine and played board games. Emma spent that evening by the sea and went clubbing. At midnight she was at the beach. She is ill now.,Emma and Josh went to the seaside for New Year's Eve. They had some wine and played board games. Emma has a cold now.
"Louis: <file_gif>
Archie: Wtf? Lol!
Louis: <file_gif>
Archie: That one looks like Melanie
Louis: True! Hahahahah
Archie: Just like in this pic
Archie: <file_photo>
Louis: Lol! It's her!
Archie: By the way, she was way hotter when she had cury hair
Louis: I disagree, sir! She looks absolutely gorgeous with straight hair
Archie: Oh well, you have the right to an opinion even if it's wrong XD","By looking at the photos, Archie thinks that Melanie looked nicer with curly hair. Louis disagrees.",Louis and Archie agree that Melanie looks like Melanie.
"Shanon: Yeah. So what bout him?
Victor: He's no longer our teacher :)
Oliver: I'm so happy :)
Sid: Me too!
Shanon: Bt y?
Sid: He got fired 2day and thrown out of school?
Oliver: Literally thrown out!
Shanon: What?!
Victor: I suppose he's had it and lost it.
Oliver: Or maybe had one too many ;)
Sid: Not. Our. Teacher. Anymore!","He is no longer the teacher of Shanon, Victor, Oliver and Sid. He got fired today.",Victor is no longer our teacher. Victor got fired 2 days ago and was thrown out of school.
"Kim: What kind of gift would you like to get?
Kim: Mom's asking.
Harry: Haha. No need for a gift for me :D
Harry: But you can tell your mom I just bought a new sofa and I need pillows.
Harry: If she asks for the colour, tell her that grey is the best :D
Kim: Sure! Thanks for info :) ","Kim is about to tell mom that Harry bought a new sofa, and he needs grey pillows.",Harry will buy a new sofa and pillows for his mom.
"Jack: I'm 10 min late..
Jack: sorry
Laura: no worries, I'll wait inside
Jack: ok.",Laura and Jack are about to meet. Jack is running 10 minutes late.,Jack is 10 minutes late. Laura will wait inside.
"Peadar: So who's coming for a drink later then??!
Clare: Oh lols soz I'm not in town
Annette: A drink?!!?!!
Peadar: A drink!!!
Annette: I’m home sick soz huns
Annette: Got lung lurgy
Oli: Are people at Jesus bar now?
James: Heading to Jesus bar now! Come join :) turn left as you come into college
Anne: Woops.. . Sorry guys I double booked myself!
Helen: Yes! Jesus bar, from around 9.15 ish
Peadar: Was that just a question oli😋 or did you mean... I'll join ye😁
Oli: I cycled and ran around the bar, but couldn't find anyone 😢
Clare: You cycled around the bar?
Oli: To the bar 😅
Helen: 🙈😍😇",Annette is sick. James is going to the Jesus bar. Oli couldn't find anyone near the bar.,"Peadar, Clare, Anne and Helen are coming to Jesus bar from around 9.15 am. Oli cycled around the bar, but couldn't find anyone."
"Tom: Have you ever been to Dublin?
Camilla: Never in Ireland!
Tom: So let's go there this weekend!
Camilla: for 2 days?
Tom: Yes, the weather forecast is great!
Camilla: I love your crazy ideas!
Tom: ok, so I'm buying the tickets
Camilla: <3",Camilla and Tom will go to Dublin this weekend.,Tom and Camilla are going to Dublin for 2 days this weekend.
"Linda: I missed the train
Joseph: When is the next one?
Linda: In one hour
Darcy: Not a tragedy
Linda: It was 80 euros
Linda: Return to Amsterdam
Linda: I was shocked!! ",Linda missed her train and the next one is in one hour. A return to Amsterdam was 80 euros.,Linda missed the train to Amsterdam. She will return to Amsterdam in one hour.
"Kristian: Adidas Or Nike?😃
Tabora: Adidas(＾ｖ＾)
Kristian: Watermelon or orange?😃😃
Tabora: Orange(＾ｖ＾)
Kristian: Superman or batman?😃😃😃
Tabora: Batman(＾ｖ＾)
Tabora: What are we doing now?
Kristian: Just playing games😃😃😃😃
Kristian: Wanna keep going?😃
Tabora: Sure! It is kinda fun!(*^0^*)
Kristian: Films or books?😃😃😀😀😀😀😀😀
Tabora: Films!(＾ｖ＾)
Tabora: When is my turn?",Kristian and Tabora are playing a game about what they like best.,Tabora and Kristian are playing games.
"Adrian: Can you talk?
Simon: Not really, anything important?
Adrian: Not that much.
Simon: I'll be free at 5
Adrian: i'll you then",Simon will talk to Adrian in 5 minutes.,Simon will be free at 5.
